income,loan_amount,debt_ratio,credit_score,years_employed,collections_flag,default
47000.0,11200.0,0.223,642.0,6.6,0,0
67400.0,11800.0,0.245,676.0,3.5,0,0
31900.0,15200.0,0.098,688.0,2.0,0,0
101100.0,11000.0,0.23,675.0,5.8,0,0
77500.0,28100.0,0.278,733.0,1.1,0,0
56000.0,33400.0,0.37,731.0,1.1,0,0
55600.0,25600.0,0.144,744.0,3.4,0,0
69000.0,12600.0,0.193,666.0,3.5,0,0
56500.0,29600.0,0.098,728.0,1.8,0,0
57300.0,24500.0,0.425,622.0,5.0,0,0
79800.0,39200.0,0.325,650.0,6.1,1,1
74200.0,17300.0,0.139,648.0,1.6,0,0
60600.0,34600.0,0.284,766.0,5.0,0,0
60200.0,26400.0,0.306,736.0,3.0,0,0
65600.0,14300.0,0.2,676.0,13.7,0,0
50000.0,13700.0,0.174,734.0,3.3,1,1
53800.0,10100.0,0.017,705.0,7.4,0,0
75100.0,7900.0,0.278,626.0,5.7,0,0
59200.0,8100.0,0.141,610.0,7.9,0,0
38300.0,6800.0,0.226,662.0,3.6,0,0
52500.0,28100.0,0.081,619.0,13.5,0,0
78000.0,31600.0,0.107,717.0,7.8,0,0
57200.0,18400.0,0.178,799.0,5.2,0,0
58900.0,21200.0,0.057,667.0,9.3,0,0
77600.0,44300.0,0.177,659.0,14.5,0,0
117400.0,34700.0,0.104,622.0,6.7,0,0
48300.0,14500.0,0.108,740.0,6.0,0,0
99400.0,18700.0,0.191,612.0,11.9,0,0
40300.0,7000.0,0.225,668.0,5.7,0,0
65900.0,7400.0,0.168,748.0,8.6,0,0
41200.0,15500.0,0.286,683.0,4.1,0,0
99500.0,38300.0,0.312,621.0,1.9,0,0
83000.0,30200.0,0.211,699.0,9.7,0,0
92300.0,43300.0,0.211,669.0,0.8,1,1
45500.0,7900.0,0.25,699.0,2.8,0,0
78800.0,30600.0,0.191,662.0,9.3,0,0
51700.0,29600.0,0.131,,0.7,0,0
52800.0,21300.0,0.199,725.0,4.1,1,1
74000.0,36200.0,0.079,637.0,2.8,0,0
84300.0,29800.0,0.059,699.0,4.0,0,0
66600.0,10300.0,0.326,646.0,3.4,1,1
49800.0,29500.0,0.129,706.0,6.9,0,0
46400.0,12700.0,0.262,711.0,3.5,0,0
102800.0,19200.0,0.223,679.0,5.9,0,0
76300.0,29500.0,0.18,698.0,4.7,0,0
79800.0,12800.0,0.032,680.0,4.9,0,0
133100.0,38100.0,0.256,680.0,16.3,0,0
46600.0,17400.0,0.119,642.0,14.4,0,0
151900.0,15800.0,0.224,688.0,3.0,0,0
186800.0,101500.0,0.221,761.0,5.3,0,0
109200.0,24100.0,0.11,672.0,6.9,0,0
82800.0,32000.0,0.123,602.0,1.5,0,0
49100.0,21400.0,0.129,751.0,9.0,0,0
87800.0,26600.0,0.422,602.0,2.5,0,0
53100.0,29400.0,0.041,704.0,4.8,0,0
61500.0,30100.0,0.224,579.0,4.0,0,0
56000.0,24200.0,0.263,699.0,3.3,0,0
68500.0,27000.0,0.233,828.0,0.8,1,1
97300.0,48600.0,0.245,706.0,3.8,1,1
51000.0,7400.0,0.324,738.0,3.0,0,0
43900.0,23700.0,0.291,682.0,5.0,1,1
43600.0,11500.0,0.245,696.0,10.2,0,0
44200.0,5500.0,0.077,674.0,11.0,0,0
37600.0,10600.0,0.03,747.0,13.8,0,0
45000.0,12100.0,0.165,731.0,8.6,0,0
97500.0,58500.0,0.21,694.0,11.3,1,1
50400.0,12300.0,0.218,647.0,12.7,0,0
67800.0,18400.0,0.035,602.0,10.1,1,1
40500.0,20900.0,0.335,697.0,16.7,1,1
65800.0,33200.0,0.169,707.0,1.6,0,0
33700.0,11100.0,0.163,606.0,3.3,0,0
48500.0,26000.0,0.152,689.0,1.9,0,0
136500.0,14700.0,0.185,629.0,6.6,0,0
50600.0,23400.0,0.263,595.0,5.9,0,0
91800.0,12800.0,0.277,578.0,11.3,1,1
72700.0,13500.0,0.026,676.0,2.4,0,0
58800.0,34100.0,0.168,736.0,4.5,0,0
49300.0,29300.0,0.231,762.0,8.6,0,0
97300.0,40700.0,0.092,584.0,5.8,0,0
58300.0,18900.0,0.169,731.0,2.5,0,0
105800.0,56700.0,0.197,692.0,2.3,0,0
48200.0,14800.0,0.263,659.0,6.4,1,1
63300.0,23800.0,0.04,721.0,5.6,0,0
73000.0,11300.0,0.037,653.0,10.3,0,0
70700.0,25400.0,0.209,664.0,5.9,1,1
40300.0,6700.0,0.039,688.0,1.4,0,0
49100.0,12800.0,0.256,686.0,6.6,0,0
57900.0,12900.0,0.225,652.0,1.2,0,0
46000.0,21400.0,0.066,661.0,5.8,0,0
78600.0,33400.0,0.269,681.0,11.1,0,0
76200.0,39500.0,0.29,741.0,3.0,1,1
31300.0,17100.0,0.149,585.0,3.3,0,0
33000.0,5100.0,0.122,651.0,13.1,0,0
39600.0,23600.0,0.224,724.0,2.3,1,1
64600.0,34000.0,0.214,710.0,4.5,0,0
126300.0,34900.0,0.287,642.0,9.4,1,1
54200.0,20900.0,0.105,712.0,11.9,0,0
67700.0,9300.0,0.353,624.0,3.1,0,0
42700.0,8800.0,0.046,695.0,1.2,0,0
43000.0,11100.0,0.345,754.0,2.6,0,0
31300.0,11100.0,0.367,590.0,8.9,1,1
61400.0,8900.0,0.124,702.0,10.2,0,0
86400.0,51400.0,0.092,717.0,6.1,1,1
54700.0,30200.0,0.105,618.0,2.6,0,0
101100.0,29800.0,0.241,,3.1,0,0
66400.0,34000.0,0.155,696.0,10.3,0,0
61200.0,21600.0,0.312,687.0,4.9,0,0
74300.0,16400.0,0.418,691.0,4.0,0,0
73500.0,27500.0,0.234,650.0,2.0,0,0
92700.0,15500.0,0.155,,5.7,0,0
46800.0,19600.0,0.079,700.0,7.2,0,0
27800.0,14500.0,0.39,748.0,3.3,1,1
64500.0,7800.0,0.121,724.0,12.2,0,0
50100.0,7100.0,0.272,746.0,4.6,0,0
61400.0,14000.0,0.278,716.0,2.8,1,1
111000.0,20100.0,0.092,704.0,13.1,0,0
42100.0,6100.0,0.147,709.0,9.0,0,0
81000.0,38600.0,0.24,,4.8,1,1
86300.0,19100.0,0.216,630.0,8.6,0,0
72800.0,34600.0,0.223,686.0,11.1,0,0
91700.0,22500.0,0.176,,11.1,0,0
52800.0,17000.0,0.121,761.0,4.4,0,0
48800.0,22900.0,0.292,752.0,7.8,0,0
89200.0,49600.0,0.206,675.0,0.5,0,0
79800.0,26300.0,0.12,687.0,8.8,0,0
100900.0,27600.0,0.277,745.0,9.2,1,1
66800.0,28700.0,0.185,749.0,8.9,0,0
109400.0,24500.0,0.233,670.0,12.6,0,0
56200.0,12300.0,0.12,685.0,2.9,0,0
42800.0,7500.0,0.117,,4.6,0,0
30400.0,7400.0,0.105,741.0,0.9,0,0
42200.0,16000.0,0.293,709.0,1.1,0,0
82600.0,34400.0,0.444,691.0,11.4,1,1
37100.0,21000.0,0.134,756.0,5.9,0,0
52900.0,12900.0,0.217,733.0,13.3,0,0
129600.0,61500.0,0.122,604.0,7.5,1,1
83400.0,34600.0,0.046,621.0,1.0,0,0
116000.0,66600.0,0.217,644.0,4.2,0,0
43800.0,25500.0,0.165,643.0,3.4,1,1
26200.0,8800.0,0.288,,13.5,0,0
105400.0,31900.0,0.204,716.0,4.8,0,0
37800.0,19600.0,0.114,658.0,1.1,0,0
64000.0,7100.0,0.268,682.0,8.0,0,0
66900.0,31300.0,0.169,690.0,6.2,0,0
44500.0,23200.0,0.172,772.0,9.0,0,0
106800.0,58200.0,0.283,652.0,9.7,1,1
106600.0,11700.0,0.451,632.0,7.5,1,1
75200.0,30500.0,0.099,667.0,10.6,0,0
61400.0,18600.0,0.221,601.0,2.1,0,0
66300.0,8900.0,0.136,589.0,8.1,1,1
42200.0,21000.0,0.167,643.0,0.9,1,1
57000.0,17400.0,0.169,751.0,7.3,0,0
59800.0,23200.0,0.186,764.0,8.4,0,0
46000.0,13000.0,0.279,693.0,2.5,1,1
83500.0,20800.0,0.19,682.0,6.7,0,0
37600.0,18900.0,0.244,638.0,2.6,1,1
52900.0,27200.0,0.096,673.0,3.8,0,0
28200.0,4900.0,0.249,699.0,8.9,0,0
73800.0,26100.0,0.094,737.0,12.1,0,0
80400.0,13700.0,0.184,758.0,3.5,0,0
77100.0,12300.0,0.201,,1.4,0,0
172200.0,28100.0,0.267,643.0,1.0,1,1
86100.0,42500.0,0.324,636.0,8.2,1,1
44600.0,22000.0,0.151,,8.0,0,0
157500.0,50900.0,0.202,696.0,7.0,0,0
44900.0,8500.0,0.123,678.0,6.7,0,0
81700.0,9200.0,0.197,668.0,3.3,0,0
80400.0,11200.0,0.109,706.0,9.4,0,0
45600.0,25500.0,0.165,556.0,5.3,1,1
101000.0,26600.0,0.165,662.0,4.4,0,0
70200.0,11200.0,0.207,695.0,1.6,0,0
75700.0,42700.0,0.392,636.0,0.1,1,1
48900.0,27500.0,0.249,595.0,0.4,1,1
97800.0,31000.0,0.307,684.0,2.8,1,1
45900.0,12200.0,0.15,683.0,6.8,0,0
33300.0,7200.0,0.453,651.0,1.1,1,1
102100.0,39800.0,0.284,802.0,2.2,0,0
53400.0,11600.0,0.13,586.0,2.7,0,0
62900.0,14000.0,0.303,598.0,10.2,1,1
121500.0,68600.0,0.338,626.0,1.0,0,1
92300.0,12000.0,0.156,760.0,6.5,0,0
77400.0,15100.0,0.098,598.0,1.5,0,0
90200.0,12600.0,0.161,638.0,2.1,0,0
48100.0,5700.0,0.264,632.0,7.5,0,0
80700.0,12100.0,0.086,736.0,7.4,0,0
91400.0,51200.0,0.166,,4.8,0,0
80800.0,46400.0,0.071,688.0,1.4,0,0
57700.0,34000.0,0.279,765.0,1.2,0,0
16700.0,4500.0,0.299,664.0,2.0,1,1
75400.0,44300.0,0.223,569.0,7.6,1,1
64500.0,36200.0,0.174,682.0,10.7,0,0
54500.0,14300.0,0.365,768.0,6.3,0,0
81400.0,32000.0,0.109,673.0,9.5,0,0
68000.0,28400.0,0.285,716.0,2.1,0,0
66600.0,12500.0,0.506,720.0,9.9,1,1
36900.0,17900.0,0.159,694.0,8.5,0,0
37200.0,15100.0,0.219,764.0,4.2,0,0
70600.0,18400.0,0.191,633.0,5.7,0,0
63700.0,29900.0,0.166,671.0,14.8,0,0
65100.0,21200.0,0.3,646.0,7.4,1,1
65700.0,10800.0,0.174,,3.0,0,0
71600.0,22200.0,0.264,794.0,1.9,0,0
62800.0,10000.0,0.065,695.0,3.4,0,0
65500.0,20000.0,0.117,769.0,6.1,0,0
67800.0,15300.0,0.236,675.0,14.2,0,0
85800.0,11700.0,0.157,727.0,1.9,0,0
51800.0,8900.0,0.32,640.0,5.8,0,0
81600.0,12300.0,0.051,615.0,10.3,0,0
77500.0,36700.0,0.248,621.0,2.1,1,1
64300.0,34400.0,0.075,763.0,0.8,0,0
52500.0,12000.0,0.246,617.0,0.1,0,0
70600.0,21700.0,0.22,566.0,6.0,1,1
83900.0,46100.0,0.071,620.0,1.5,0,0
42600.0,11500.0,0.171,824.0,20.0,0,0
63400.0,26100.0,0.175,730.0,2.0,0,0
63400.0,29200.0,0.292,608.0,7.2,0,0
49200.0,19600.0,0.137,759.0,10.4,0,0
49900.0,29700.0,0.084,644.0,9.5,0,0
36000.0,4700.0,0.231,631.0,16.3,1,1
42100.0,6500.0,0.327,562.0,6.8,1,1
36200.0,21500.0,0.094,707.0,3.6,0,0
50000.0,19100.0,0.326,623.0,6.2,1,1
51000.0,14600.0,0.056,831.0,18.5,0,0
51300.0,29300.0,0.155,681.0,6.9,0,0
70600.0,39200.0,0.161,636.0,12.5,0,0
58100.0,31500.0,0.128,715.0,3.1,0,0
48000.0,5500.0,0.395,658.0,6.7,0,0
48200.0,14600.0,0.041,677.0,4.9,0,0
41700.0,21500.0,0.254,669.0,10.5,0,0
57900.0,18000.0,0.248,719.0,3.6,0,0
57500.0,25600.0,0.05,706.0,8.6,0,0
109400.0,55900.0,0.137,687.0,2.9,0,0
106100.0,46500.0,0.038,577.0,16.6,0,0
104000.0,25000.0,0.205,723.0,1.8,0,0
128400.0,59000.0,0.163,710.0,16.3,0,0
40500.0,23100.0,0.218,540.0,8.7,1,1
78500.0,24600.0,0.238,,5.5,0,0
80900.0,20600.0,0.165,640.0,5.4,0,0
73200.0,30800.0,0.144,666.0,2.1,0,0
130500.0,28900.0,0.187,714.0,6.3,0,0
150700.0,40300.0,0.07,711.0,1.6,0,0
87300.0,25000.0,0.257,,10.9,0,0
77900.0,40400.0,0.302,663.0,6.0,1,1
41900.0,19800.0,0.101,681.0,3.3,0,0
41900.0,22100.0,0.28,709.0,1.2,0,0
79200.0,8100.0,0.209,762.0,13.9,0,0
60400.0,11500.0,0.158,808.0,8.8,0,0
38900.0,21700.0,0.247,715.0,4.2,0,0
59400.0,23700.0,0.15,687.0,5.8,0,0
70300.0,40300.0,0.299,620.0,2.7,1,1
86000.0,25300.0,0.155,755.0,7.1,1,0
59700.0,12000.0,0.141,665.0,4.7,0,0
56400.0,23800.0,0.084,743.0,13.9,0,0
62100.0,12600.0,0.246,749.0,5.9,0,0
65900.0,15900.0,0.12,586.0,10.8,0,0
41300.0,12600.0,0.046,657.0,3.5,0,0
83000.0,39700.0,0.265,682.0,8.7,0,0
133500.0,49600.0,0.092,,4.1,0,0
82400.0,31600.0,0.161,676.0,1.2,1,1
37300.0,12800.0,0.113,701.0,6.5,0,0
64100.0,36900.0,0.457,579.0,9.7,1,1
33400.0,20000.0,0.067,705.0,5.5,0,0
32700.0,11500.0,0.214,697.0,8.0,0,0
78100.0,28900.0,0.288,662.0,1.5,0,0
63700.0,6600.0,0.06,673.0,2.5,0,0
48700.0,23500.0,0.309,607.0,2.4,1,1
29900.0,13500.0,0.136,752.0,3.1,0,0
39800.0,5500.0,0.103,714.0,2.6,0,0
65600.0,10800.0,0.293,682.0,9.8,1,1
62700.0,8100.0,0.176,675.0,7.6,0,0
78900.0,24900.0,0.314,794.0,2.0,0,0
105700.0,40600.0,0.18,728.0,10.6,0,0
55100.0,7700.0,0.275,698.0,4.4,0,0
73100.0,42000.0,0.176,668.0,8.6,0,0
59100.0,7500.0,0.127,675.0,2.4,0,0
52100.0,9300.0,0.24,687.0,9.5,1,1
56900.0,28100.0,0.14,623.0,2.3,0,0
86800.0,37100.0,0.024,667.0,4.0,0,0
43300.0,22700.0,0.326,709.0,12.6,0,0
92400.0,51200.0,0.249,674.0,3.9,1,1
104000.0,61500.0,0.346,680.0,3.7,0,0
62800.0,25400.0,0.214,,5.3,0,0
67800.0,26300.0,0.156,621.0,0.6,0,0
37800.0,4100.0,0.082,740.0,6.5,0,0
141600.0,47700.0,0.129,639.0,2.1,1,1
87300.0,21000.0,0.034,742.0,3.5,0,0
65900.0,8600.0,0.201,677.0,1.8,0,0
63300.0,26000.0,0.124,697.0,0.5,0,0
72600.0,8900.0,0.352,635.0,0.9,1,1
49400.0,20500.0,0.193,637.0,3.2,1,1
68500.0,39800.0,0.178,755.0,1.5,0,0
44900.0,13800.0,0.194,,6.6,0,0
73800.0,31600.0,0.3,,3.9,1,1
48900.0,5100.0,0.065,669.0,6.4,0,0
84800.0,23600.0,0.2,663.0,2.5,0,0
59400.0,9200.0,0.102,680.0,2.6,0,0
68100.0,15500.0,0.314,708.0,1.8,1,1
174800.0,19600.0,0.097,661.0,13.0,0,0
82200.0,28400.0,0.363,768.0,2.5,0,0
68100.0,33300.0,0.294,729.0,1.9,0,0
63000.0,29300.0,0.218,600.0,7.1,1,1
43100.0,25500.0,0.257,631.0,6.7,1,1
90600.0,49900.0,0.238,607.0,0.3,0,0
108600.0,49200.0,0.27,647.0,3.6,0,0
63400.0,30400.0,0.299,638.0,4.8,1,1
111500.0,43600.0,0.178,753.0,3.2,0,0
59600.0,6500.0,0.39,703.0,10.6,0,0
33300.0,16100.0,0.229,776.0,3.7,1,1
49300.0,20100.0,0.191,652.0,13.8,0,0
42800.0,24300.0,0.258,594.0,3.3,0,0
56300.0,10900.0,0.135,688.0,3.1,0,0
77200.0,43700.0,0.289,767.0,13.7,1,1
44800.0,8100.0,0.324,627.0,8.7,0,0
60300.0,8000.0,0.201,618.0,2.6,0,0
66500.0,27700.0,0.188,719.0,3.3,0,0
48000.0,12600.0,0.214,667.0,1.7,0,0
45100.0,16500.0,0.152,704.0,16.2,0,0
63900.0,18400.0,0.35,606.0,2.4,1,1
84100.0,16000.0,0.199,661.0,1.2,0,0
50200.0,26500.0,0.078,,6.8,0,0
47700.0,23900.0,0.134,713.0,1.2,0,0
59000.0,14300.0,0.262,708.0,3.6,0,0
68600.0,18300.0,0.188,728.0,2.4,0,0
51300.0,24800.0,0.364,657.0,1.1,1,1
55200.0,18100.0,0.348,628.0,8.5,0,0
57200.0,25800.0,0.102,543.0,3.2,0,0
42400.0,23700.0,0.241,640.0,4.4,1,1
58300.0,30200.0,0.126,683.0,1.5,0,0
51000.0,20300.0,0.16,686.0,13.7,0,0
107900.0,53300.0,0.319,678.0,7.5,0,1
51700.0,10000.0,0.241,669.0,5.1,0,0
72800.0,38000.0,0.334,601.0,4.3,1,1
70800.0,15900.0,0.329,773.0,13.3,0,0
41900.0,13100.0,0.369,726.0,6.4,1,1
40000.0,16200.0,0.104,693.0,0.5,0,0
53000.0,13900.0,0.23,666.0,2.6,1,1
78200.0,40100.0,0.264,673.0,0.6,1,1
50700.0,20100.0,0.105,745.0,5.5,0,0
49300.0,28300.0,0.166,634.0,5.3,0,0
22500.0,5400.0,0.122,691.0,4.1,0,0
54000.0,24300.0,0.075,667.0,3.2,0,0
69200.0,12300.0,0.068,606.0,6.9,0,0
72400.0,13500.0,0.119,635.0,2.2,0,0
72000.0,25800.0,0.216,621.0,5.6,0,0
55300.0,30400.0,0.128,694.0,5.6,0,0
57300.0,19300.0,0.132,687.0,3.2,0,0
83000.0,31500.0,0.194,582.0,8.4,0,0
59100.0,34000.0,0.314,683.0,6.6,0,0
27700.0,5600.0,0.268,646.0,4.6,0,0
88600.0,46100.0,0.285,684.0,7.0,1,1
42500.0,20500.0,0.169,670.0,1.7,0,0
100300.0,43500.0,0.187,755.0,5.2,0,0
112200.0,32500.0,0.153,724.0,2.3,0,0
81000.0,43200.0,0.25,696.0,3.1,1,1
85100.0,49800.0,0.247,645.0,2.5,1,1
118800.0,34800.0,0.219,809.0,10.2,0,0
42200.0,13000.0,0.132,732.0,15.2,0,0
67800.0,31700.0,0.143,689.0,6.7,0,0
67400.0,24400.0,0.201,694.0,6.6,0,0
44200.0,9000.0,0.13,698.0,2.6,0,0
125400.0,68300.0,0.23,746.0,7.0,0,0
50600.0,22200.0,0.091,738.0,26.2,0,0
48000.0,15400.0,0.338,721.0,10.6,0,0
68100.0,20800.0,0.055,,6.7,0,0
88900.0,36900.0,0.402,685.0,2.9,1,1
50200.0,12800.0,0.203,625.0,1.5,0,0
50300.0,20600.0,0.132,677.0,2.3,0,0
74000.0,11700.0,0.205,674.0,5.6,0,0
37600.0,11100.0,0.245,648.0,8.5,0,0
47300.0,23800.0,0.318,584.0,0.6,1,1
46200.0,7800.0,0.119,738.0,7.4,0,0
53300.0,24000.0,0.35,743.0,5.1,0,0
59000.0,27000.0,0.42,624.0,8.5,1,1
118200.0,55600.0,0.176,712.0,2.7,0,0
85200.0,9900.0,0.089,661.0,2.6,0,0
62500.0,32100.0,0.226,662.0,3.8,0,0
57300.0,13200.0,0.207,801.0,1.7,0,0
84200.0,15700.0,0.292,798.0,9.2,0,0
72000.0,10900.0,0.025,683.0,13.7,0,0
84700.0,33700.0,0.267,665.0,7.5,0,0
100500.0,46100.0,0.239,693.0,9.3,0,0
43600.0,18300.0,0.276,738.0,6.0,1,1
28200.0,15800.0,0.263,616.0,4.6,1,1
61500.0,18000.0,0.077,,3.5,0,0
63700.0,9700.0,0.205,737.0,13.4,0,0
68500.0,16800.0,0.377,691.0,4.3,0,0
50300.0,10000.0,0.209,701.0,5.1,0,0
57200.0,26300.0,0.245,591.0,1.3,1,1
75400.0,36700.0,0.208,736.0,9.2,0,0
76800.0,26100.0,0.092,638.0,10.7,0,0
98800.0,22900.0,0.069,579.0,3.4,0,0
29000.0,9500.0,0.207,563.0,6.2,0,0
34800.0,15100.0,0.108,,2.1,1,0
103400.0,19100.0,0.283,697.0,8.5,0,0
76700.0,27800.0,0.282,666.0,1.2,1,1
81800.0,17900.0,0.407,775.0,7.3,0,0
56100.0,27100.0,0.154,650.0,2.2,1,1
52500.0,19100.0,0.468,588.0,1.0,1,1
66500.0,22800.0,0.251,609.0,19.7,1,1
44600.0,16000.0,0.214,767.0,3.7,0,0
36300.0,9900.0,0.181,680.0,3.4,0,0
42000.0,22100.0,0.154,,3.1,0,1
64600.0,7200.0,0.07,713.0,4.8,0,0
77500.0,18100.0,0.341,648.0,9.5,1,1
110500.0,28300.0,0.264,697.0,2.6,0,0
70600.0,13500.0,0.135,616.0,5.2,0,0
73200.0,32500.0,0.132,556.0,11.2,1,1
111900.0,12600.0,0.289,659.0,9.0,0,0
47200.0,19100.0,0.28,790.0,5.4,0,0
44300.0,20800.0,0.114,670.0,1.1,0,0
51400.0,12200.0,0.258,738.0,3.1,0,0
59900.0,14200.0,0.128,,1.8,0,0
125900.0,41300.0,0.126,670.0,2.2,0,0
54900.0,14800.0,0.27,762.0,8.9,0,0
98000.0,23000.0,0.136,717.0,4.7,0,0
52500.0,22200.0,0.264,583.0,12.7,1,1
73600.0,17500.0,0.18,606.0,9.6,0,0
78700.0,35200.0,0.276,639.0,3.1,1,1
74700.0,21200.0,0.204,607.0,5.5,0,0
80600.0,42000.0,0.129,711.0,1.2,0,0
48700.0,27900.0,0.329,672.0,4.3,1,1
103200.0,48400.0,0.31,736.0,15.7,0,0
87400.0,24100.0,0.064,690.0,5.8,0,0
48500.0,19500.0,0.128,630.0,3.1,0,0
74000.0,36200.0,0.269,667.0,3.3,0,0
42600.0,12000.0,0.164,625.0,5.7,0,0
64100.0,23900.0,0.206,724.0,7.7,0,0
41200.0,6700.0,0.249,669.0,4.4,0,0
79700.0,27400.0,0.339,605.0,1.5,1,1
175000.0,53500.0,0.403,619.0,4.3,1,1
103700.0,24700.0,0.291,650.0,1.6,0,0
80100.0,17100.0,0.111,635.0,5.2,1,0
45200.0,7200.0,0.184,756.0,7.7,0,0
70800.0,10200.0,0.199,641.0,4.1,0,0
93900.0,10400.0,0.109,652.0,5.0,0,0
60100.0,9400.0,0.217,774.0,5.1,0,0
64900.0,38100.0,0.276,727.0,13.2,0,0
34300.0,6400.0,0.236,,2.4,0,0
46000.0,13500.0,0.324,730.0,2.3,0,0
32500.0,19300.0,0.164,630.0,5.4,0,0
121200.0,36500.0,0.221,664.0,4.7,0,0
73200.0,39000.0,0.096,565.0,11.2,0,0
79900.0,18500.0,0.121,707.0,5.7,0,0
57800.0,33400.0,0.132,707.0,2.9,1,1
37200.0,12000.0,0.057,644.0,5.0,0,0
65900.0,28500.0,0.157,690.0,3.4,0,0
49600.0,12900.0,0.146,723.0,3.9,0,0
44200.0,9000.0,0.445,665.0,13.5,0,0
63200.0,12600.0,0.311,707.0,7.4,0,0
64400.0,14100.0,0.115,618.0,19.8,0,0
58200.0,21800.0,0.109,617.0,2.7,1,1
47300.0,18100.0,0.058,722.0,10.8,0,0
43900.0,19700.0,0.194,600.0,5.8,0,0
62100.0,18600.0,0.058,725.0,3.0,0,0
95100.0,16000.0,0.033,706.0,4.8,0,0
35400.0,14500.0,0.091,733.0,7.9,0,0
49300.0,7700.0,0.278,669.0,1.2,0,0
58600.0,33500.0,0.338,734.0,1.3,1,1
58600.0,28100.0,0.282,763.0,12.0,0,0
50400.0,19500.0,0.297,753.0,2.0,0,0
121800.0,18900.0,0.104,734.0,0.4,0,0
71300.0,23900.0,0.171,633.0,3.6,0,0
43900.0,7800.0,0.101,630.0,0.7,0,0
32100.0,18900.0,0.023,721.0,4.9,0,0
58400.0,18000.0,0.159,607.0,8.1,1,1
104100.0,44600.0,0.137,647.0,2.1,1,1
66300.0,10500.0,0.054,626.0,10.3,0,0
27600.0,8700.0,0.085,617.0,2.9,0,0
38300.0,7000.0,0.23,728.0,20.4,0,0
64700.0,25100.0,0.193,750.0,7.6,0,0
90100.0,53200.0,0.28,647.0,15.5,0,0
65100.0,20700.0,0.195,696.0,6.1,0,0
65300.0,29700.0,0.226,715.0,6.7,0,0
90300.0,13000.0,0.227,647.0,8.5,0,0
96200.0,21600.0,0.321,669.0,1.3,0,0
48900.0,8000.0,0.307,590.0,14.5,1,1
72300.0,13700.0,0.264,598.0,8.8,1,1
44300.0,8000.0,0.286,641.0,5.9,1,1
42500.0,18000.0,0.258,640.0,3.9,0,0
76200.0,25300.0,0.088,678.0,5.8,0,0
37700.0,14700.0,0.112,712.0,11.1,0,0
65800.0,26700.0,0.406,805.0,11.7,0,0
69200.0,18500.0,0.094,564.0,15.7,0,0
83800.0,44100.0,0.1,565.0,6.2,0,0
41400.0,14900.0,0.196,729.0,11.2,1,1
70800.0,38000.0,0.027,600.0,5.8,0,0
59300.0,29400.0,0.378,,14.5,1,1
104300.0,47100.0,0.113,670.0,5.2,0,0
47800.0,16900.0,0.265,,4.5,0,0
42000.0,21700.0,0.269,730.0,4.2,1,1
73900.0,32600.0,0.206,682.0,4.5,0,0
46000.0,21800.0,0.207,606.0,6.0,1,1
39400.0,5200.0,0.129,677.0,6.1,0,0
85300.0,25500.0,0.133,582.0,3.7,0,0
72100.0,30900.0,0.129,670.0,0.6,0,0
20900.0,2800.0,0.189,796.0,3.0,0,0
44900.0,15900.0,0.368,627.0,2.0,0,0
42100.0,15600.0,0.303,632.0,5.0,1,1
77700.0,17900.0,0.2,555.0,2.9,0,0
103800.0,25500.0,0.066,701.0,6.5,0,0
127400.0,59100.0,0.156,670.0,9.9,0,0
79400.0,11200.0,0.039,727.0,3.6,0,0
42200.0,4400.0,0.263,,16.7,0,0
41700.0,23600.0,0.202,605.0,0.8,1,1
44400.0,20200.0,0.196,710.0,7.3,0,0
73600.0,27800.0,0.392,658.0,4.1,0,1
96500.0,46900.0,0.039,668.0,10.4,0,0
31700.0,7400.0,0.192,763.0,8.3,0,0
76700.0,33900.0,0.225,723.0,5.2,0,0
85800.0,34200.0,0.056,727.0,4.1,0,0
69300.0,17300.0,0.353,608.0,16.7,0,0
192400.0,47200.0,0.191,764.0,1.6,0,0
74800.0,25600.0,0.46,596.0,5.5,1,1
62700.0,9000.0,0.273,774.0,17.1,0,0
76800.0,35200.0,0.188,618.0,6.9,1,1
51200.0,28500.0,0.224,662.0,12.3,0,0
42200.0,23300.0,0.089,561.0,4.7,0,0
71900.0,28400.0,0.412,673.0,1.3,1,1
92800.0,19100.0,0.221,584.0,4.4,1,1
57100.0,6000.0,0.264,674.0,8.5,0,0
85700.0,31900.0,0.22,681.0,3.7,1,1
54400.0,12200.0,0.017,769.0,1.5,0,0
109700.0,26800.0,0.315,772.0,10.8,0,0
66800.0,28900.0,0.383,685.0,7.8,1,1
74700.0,12100.0,0.082,691.0,7.5,0,0
81100.0,32500.0,0.042,677.0,4.1,0,0
38600.0,18300.0,0.224,744.0,4.6,0,0
58200.0,6800.0,0.259,702.0,18.0,0,0
118100.0,44900.0,0.116,643.0,7.0,0,0
62800.0,28900.0,0.149,732.0,15.8,0,0
101300.0,32100.0,0.091,697.0,1.1,0,0
84500.0,21200.0,0.194,647.0,4.0,0,0
32700.0,5800.0,0.234,639.0,4.4,0,0
79400.0,45900.0,0.256,679.0,4.6,1,1
42400.0,12900.0,0.188,653.0,6.1,0,0
67900.0,13400.0,0.263,647.0,1.5,1,1
53600.0,6700.0,0.1,,3.7,0,0
62500.0,13600.0,0.212,713.0,5.0,0,0
60500.0,31100.0,0.321,684.0,7.7,0,0
67500.0,13000.0,0.199,815.0,11.7,0,0
53000.0,23100.0,0.089,737.0,5.2,0,0
38600.0,21600.0,0.041,696.0,6.1,0,0
43500.0,12700.0,0.306,633.0,2.8,1,1
85400.0,31200.0,0.225,639.0,4.7,1,1
113400.0,20100.0,0.194,761.0,2.8,0,0
67300.0,14400.0,0.23,682.0,0.4,0,0
83300.0,24400.0,0.222,710.0,3.8,0,0
87300.0,38500.0,0.201,761.0,5.1,0,0
38400.0,13200.0,0.082,632.0,0.6,0,0
32200.0,16900.0,0.241,662.0,10.0,0,0
60900.0,28900.0,0.144,651.0,6.9,0,0
32000.0,12300.0,0.08,648.0,7.7,0,0
56400.0,17900.0,0.313,604.0,5.0,0,0
37000.0,14000.0,0.125,652.0,2.2,0,0
49800.0,15800.0,0.255,649.0,2.1,1,1
47700.0,15900.0,0.055,649.0,5.9,0,0
74400.0,18800.0,0.132,638.0,10.3,0,0
49400.0,9200.0,0.059,767.0,3.5,0,0
41500.0,24200.0,0.115,701.0,2.5,0,0
63100.0,7800.0,0.082,,5.5,1,1
175200.0,22000.0,0.277,710.0,3.5,1,1
73700.0,11400.0,0.186,677.0,3.5,0,0
31400.0,9400.0,0.136,604.0,7.3,0,0
64000.0,22700.0,0.167,739.0,10.3,0,0
152500.0,38500.0,0.099,710.0,1.5,0,0
65800.0,31000.0,0.169,679.0,5.1,0,0
97100.0,27200.0,0.265,715.0,1.3,0,0
91400.0,14800.0,0.337,763.0,6.7,0,0
94000.0,29500.0,0.438,823.0,6.6,0,0
89600.0,28900.0,0.178,653.0,4.5,0,0
68400.0,24200.0,0.178,777.0,4.1,0,0
58100.0,14500.0,0.166,704.0,5.8,0,0
56200.0,17200.0,0.129,695.0,2.5,0,0
64700.0,17700.0,0.249,673.0,6.2,0,0
72000.0,13700.0,0.035,765.0,3.3,0,0
39700.0,11100.0,0.251,641.0,6.2,0,0
56200.0,23700.0,0.11,728.0,7.3,0,0
61100.0,35900.0,0.206,739.0,2.1,1,1
64400.0,22300.0,0.307,698.0,5.4,1,1
55600.0,19100.0,0.148,653.0,1.5,0,0
82200.0,19700.0,0.122,787.0,4.4,0,0
59800.0,18000.0,0.245,655.0,12.9,1,1
54400.0,29800.0,0.098,728.0,0.5,0,0
40200.0,8000.0,0.216,687.0,6.8,0,0
47200.0,15700.0,0.25,643.0,3.6,0,0
67200.0,38500.0,0.188,756.0,9.9,0,0
64600.0,29200.0,0.374,665.0,8.2,1,1
30400.0,12300.0,0.191,609.0,5.7,0,0
85700.0,31900.0,0.159,705.0,4.6,0,0
48500.0,5200.0,0.186,610.0,2.4,0,0
45200.0,17100.0,0.184,650.0,2.7,0,0
91600.0,25200.0,0.23,708.0,1.1,0,0
93200.0,16300.0,0.02,690.0,4.3,0,0
48300.0,14600.0,0.273,631.0,1.3,0,0
54700.0,18800.0,0.207,,8.3,0,0
40400.0,18600.0,0.353,712.0,10.0,0,0
82400.0,33000.0,0.057,594.0,3.0,1,1
85100.0,18900.0,0.299,619.0,10.3,0,0
53200.0,21300.0,0.106,797.0,4.6,0,0
100900.0,34800.0,0.313,635.0,11.0,1,1
85500.0,26200.0,0.241,727.0,2.9,0,0
59400.0,24300.0,0.14,688.0,8.7,0,0
79800.0,25900.0,0.262,743.0,5.2,0,0
34700.0,14900.0,0.061,625.0,8.2,0,0
56600.0,31900.0,0.101,699.0,5.5,0,0
67700.0,25500.0,0.091,661.0,5.1,0,0
61800.0,25800.0,0.069,,17.1,0,0
127100.0,30500.0,0.161,709.0,6.3,0,0
69100.0,18400.0,0.271,709.0,4.4,1,1
70500.0,11300.0,0.087,643.0,6.1,0,0
39000.0,15800.0,0.033,660.0,13.3,0,0
58100.0,14400.0,0.136,604.0,2.8,0,0
47100.0,10000.0,0.198,696.0,9.1,1,1
141100.0,81100.0,0.095,708.0,3.3,0,0
53600.0,14700.0,0.137,657.0,14.6,0,0
64600.0,14700.0,0.331,695.0,0.8,0,0
94900.0,22700.0,0.183,786.0,8.3,0,0
78000.0,32800.0,0.066,602.0,4.5,0,0
37800.0,13500.0,0.186,755.0,4.6,0,0
77500.0,29900.0,0.219,619.0,7.7,1,1
79500.0,20600.0,0.108,777.0,5.0,0,0
58200.0,33500.0,0.062,664.0,13.3,0,0
72900.0,19100.0,0.083,706.0,7.6,0,0
64300.0,8900.0,0.128,792.0,5.2,0,0
38200.0,15300.0,0.33,642.0,4.2,1,1
50900.0,28500.0,0.126,748.0,8.5,0,0
62500.0,12100.0,0.171,677.0,6.8,0,0
50500.0,9000.0,0.285,745.0,3.5,1,1
74900.0,8200.0,0.1,714.0,0.5,1,1
88000.0,48100.0,0.249,673.0,8.4,0,0
68200.0,25000.0,0.292,575.0,5.3,0,0
54400.0,26000.0,0.433,708.0,8.7,1,1
99900.0,59600.0,0.041,699.0,1.2,0,0
65100.0,32200.0,0.362,714.0,7.5,0,0
70200.0,29300.0,0.039,689.0,8.4,0,0
47500.0,11500.0,0.26,654.0,0.8,0,0
57500.0,8100.0,0.147,,6.9,0,0
87900.0,22600.0,0.177,611.0,19.1,0,0
80400.0,9400.0,0.261,612.0,1.6,1,1
58100.0,30400.0,0.163,714.0,3.2,0,0
62200.0,29700.0,0.28,678.0,0.8,1,1
66500.0,29100.0,0.272,584.0,2.5,1,1
44600.0,17200.0,0.215,710.0,3.2,1,1
58100.0,23900.0,0.479,637.0,1.9,1,1
51800.0,17700.0,0.167,709.0,2.8,1,1
38200.0,5100.0,0.164,701.0,5.3,0,0
65400.0,38800.0,0.152,742.0,1.0,0,0
59000.0,11500.0,0.174,729.0,7.5,0,0
37100.0,4500.0,0.17,,13.2,0,0
46900.0,16800.0,0.329,649.0,2.8,0,0
60100.0,9600.0,0.096,649.0,7.3,0,0
22500.0,6500.0,0.235,766.0,0.9,0,0
66100.0,34100.0,0.117,610.0,11.8,0,0
68100.0,21100.0,0.123,658.0,5.0,0,0
77800.0,17500.0,0.255,713.0,2.5,1,1
50300.0,18200.0,0.265,613.0,7.8,1,1
37700.0,7200.0,0.236,628.0,5.0,0,0
77200.0,21100.0,0.082,598.0,7.3,0,0
38300.0,22200.0,0.259,702.0,1.1,1,1
74900.0,15900.0,0.102,601.0,9.6,0,0
48900.0,24800.0,0.226,600.0,10.8,1,1
43500.0,24400.0,0.198,733.0,12.9,1,1
68700.0,41000.0,0.019,569.0,2.0,1,1
91800.0,9200.0,0.407,645.0,7.3,0,0
58700.0,6000.0,0.121,680.0,6.9,0,0
56900.0,9600.0,0.214,646.0,9.3,1,1
34300.0,13700.0,0.166,655.0,4.0,0,0
82900.0,30200.0,0.214,709.0,11.7,0,0
63600.0,33200.0,0.335,623.0,7.3,1,1
56400.0,7500.0,0.107,711.0,6.4,0,0
98000.0,32100.0,0.085,701.0,4.6,0,0
35800.0,17700.0,0.167,639.0,6.6,0,0
52000.0,22000.0,0.059,722.0,9.6,0,0
62100.0,16800.0,0.354,640.0,2.7,1,1
55900.0,11200.0,0.241,668.0,9.3,0,0
26400.0,8100.0,0.087,653.0,1.0,0,0
70100.0,12400.0,0.123,638.0,1.0,1,1
61300.0,11200.0,0.243,687.0,3.6,0,0
88300.0,45000.0,0.113,565.0,1.0,0,0
126600.0,16300.0,0.493,638.0,18.8,0,0
58100.0,30300.0,0.339,656.0,5.1,0,0
70900.0,12000.0,0.108,713.0,1.8,0,0
67700.0,12500.0,0.171,700.0,17.2,0,0
65800.0,9700.0,0.398,658.0,7.6,0,0
59100.0,15600.0,0.073,765.0,0.7,0,0
71000.0,26600.0,0.085,604.0,7.9,0,0
92000.0,29400.0,0.144,674.0,6.5,0,0
46100.0,24900.0,0.065,685.0,3.1,0,0
120600.0,50500.0,0.336,612.0,5.9,0,0
74000.0,20500.0,0.401,606.0,6.6,1,1
68900.0,22200.0,0.05,691.0,1.8,0,0
28200.0,5900.0,0.196,651.0,3.5,0,0
61800.0,27800.0,0.261,733.0,3.9,0,0
44100.0,16000.0,0.279,649.0,1.5,0,0
75800.0,31400.0,0.406,657.0,2.5,1,1
86600.0,10000.0,0.125,751.0,1.6,0,0
92700.0,49800.0,0.197,614.0,8.7,0,0
58500.0,32000.0,0.21,682.0,5.5,1,1
60400.0,27900.0,0.214,733.0,7.5,0,0
72200.0,10300.0,0.285,680.0,3.3,1,1
29700.0,8100.0,0.166,651.0,3.8,0,0
53300.0,12600.0,0.163,732.0,12.2,0,0
51300.0,16000.0,0.115,586.0,12.7,0,0
74400.0,11200.0,0.256,670.0,3.9,0,0
52800.0,11300.0,0.292,632.0,7.0,1,1
80400.0,26000.0,0.256,687.0,12.6,0,0
58000.0,30900.0,0.143,659.0,4.9,0,0
83600.0,43300.0,0.254,644.0,3.9,1,1
134800.0,57400.0,0.241,721.0,5.8,1,1
107000.0,11900.0,0.13,685.0,6.6,0,0
86400.0,30100.0,0.169,701.0,4.2,1,1
92600.0,52400.0,0.15,722.0,9.7,0,0
54500.0,12100.0,0.057,588.0,8.0,0,0
47300.0,5500.0,0.204,661.0,9.4,0,0
46100.0,12200.0,0.364,665.0,1.3,1,1
66400.0,21300.0,0.258,721.0,0.2,1,1
103800.0,60100.0,0.208,577.0,0.3,0,0
48000.0,28500.0,0.299,704.0,10.9,0,0
73100.0,10400.0,0.186,744.0,15.9,0,0
40100.0,16500.0,0.063,653.0,26.2,0,0
40500.0,12100.0,0.227,716.0,0.8,0,0
83700.0,37800.0,0.199,669.0,20.4,0,0
48800.0,26800.0,0.193,712.0,5.4,0,0
48300.0,23000.0,0.216,735.0,8.8,0,0
123800.0,40500.0,0.134,704.0,5.4,0,0
63500.0,7500.0,0.2,777.0,2.1,0,0
61000.0,34300.0,0.299,639.0,2.0,1,1
57200.0,32500.0,0.243,732.0,4.0,0,0
71700.0,30200.0,0.155,808.0,8.5,0,0
48400.0,26300.0,0.233,666.0,2.8,0,1
63300.0,16800.0,0.3,666.0,2.1,0,0
90700.0,24900.0,0.197,662.0,7.4,0,0
55400.0,32300.0,0.266,628.0,2.4,0,0
27000.0,7200.0,0.218,609.0,5.7,0,0
49300.0,16100.0,0.012,792.0,5.4,0,0
81100.0,21300.0,0.11,651.0,3.3,0,0
91800.0,19100.0,0.246,740.0,1.9,0,0
70400.0,22400.0,0.206,736.0,7.6,0,0
102200.0,48700.0,0.323,736.0,3.0,0,0
43100.0,20200.0,0.216,590.0,13.1,1,1
97000.0,12000.0,0.37,644.0,13.8,0,1
66700.0,17600.0,0.177,703.0,14.1,0,0
78500.0,39500.0,0.303,685.0,8.1,0,0
22800.0,11800.0,0.234,692.0,1.6,0,0
84700.0,22300.0,0.147,665.0,8.8,1,1
67300.0,33700.0,0.373,614.0,7.5,1,1
120900.0,55700.0,0.152,696.0,3.2,0,0
66200.0,18200.0,0.16,658.0,1.3,0,0
44100.0,16200.0,0.246,579.0,8.2,1,1
46800.0,8700.0,0.133,667.0,2.3,0,0
71500.0,8200.0,0.177,623.0,3.6,0,0
69100.0,14600.0,0.072,754.0,8.4,0,0
49700.0,19300.0,0.265,592.0,8.6,1,1
42700.0,20900.0,0.169,634.0,4.0,0,0
105400.0,58700.0,0.314,701.0,3.5,1,1
57000.0,31100.0,0.405,632.0,9.8,1,1
60500.0,7500.0,0.237,775.0,6.3,0,0
51400.0,27200.0,0.287,679.0,18.2,0,0
101100.0,15400.0,0.35,681.0,5.4,0,0
91600.0,13000.0,0.025,705.0,5.2,0,0
43400.0,11100.0,0.224,818.0,3.0,1,1
60400.0,14800.0,0.055,706.0,4.7,0,0
44900.0,23500.0,0.229,711.0,4.8,1,1
118600.0,34600.0,0.177,,1.3,1,1
72400.0,17800.0,0.215,668.0,4.6,1,1
56200.0,20800.0,0.256,776.0,1.9,0,0
55100.0,31500.0,0.14,721.0,4.4,0,0
75000.0,18100.0,0.178,671.0,17.1,0,0
56900.0,29200.0,0.243,624.0,0.2,1,1
106400.0,49400.0,0.259,695.0,2.4,1,1
44800.0,15000.0,0.119,688.0,3.4,0,0
40200.0,19000.0,0.192,599.0,3.1,0,0
101600.0,35400.0,0.162,618.0,5.3,1,1
53400.0,24100.0,0.501,592.0,8.1,1,1
101900.0,28200.0,0.322,719.0,5.6,0,0
84400.0,28500.0,0.175,664.0,2.8,0,0
38500.0,7900.0,0.238,603.0,6.3,0,0
50100.0,12900.0,0.085,631.0,4.2,0,0
63100.0,37600.0,0.267,697.0,9.4,0,0
57400.0,22900.0,0.259,619.0,3.6,0,0
68900.0,28500.0,0.243,627.0,2.3,0,0
50000.0,13200.0,0.113,670.0,10.8,0,0
60200.0,24500.0,0.067,694.0,15.6,0,0
88000.0,20100.0,0.137,627.0,4.1,0,0
98900.0,28400.0,0.091,577.0,6.0,0,0
47000.0,27700.0,0.253,733.0,5.3,1,1
57200.0,27600.0,0.095,675.0,6.3,0,0
59300.0,18700.0,0.094,706.0,2.2,1,1
38700.0,14700.0,0.303,672.0,1.9,0,0
86100.0,22000.0,0.221,,5.6,1,1
75500.0,34100.0,0.213,699.0,13.1,0,0
74400.0,18300.0,0.137,,1.1,0,0
59700.0,31100.0,0.38,703.0,5.0,0,0
84100.0,48200.0,0.244,728.0,3.0,0,0
86900.0,37800.0,0.172,640.0,12.1,0,0
93100.0,18700.0,0.1,665.0,1.3,1,1
58400.0,18600.0,0.01,643.0,8.7,0,0
70100.0,17100.0,0.201,651.0,10.3,0,0
54100.0,15400.0,0.158,533.0,4.2,0,0
55400.0,10000.0,0.213,575.0,4.7,1,1
87400.0,35200.0,0.029,717.0,3.3,0,0
63200.0,16600.0,0.18,614.0,2.6,0,0
58800.0,10800.0,0.106,631.0,8.5,0,0
76600.0,43600.0,0.342,698.0,2.2,1,1
78300.0,9000.0,0.102,598.0,1.2,1,1
47600.0,28500.0,0.158,786.0,7.6,0,0
49400.0,7500.0,0.371,765.0,12.5,1,1
79600.0,25600.0,0.189,558.0,1.9,0,0
74500.0,25500.0,0.206,741.0,10.1,0,0
57600.0,27100.0,0.169,728.0,1.9,0,0
94200.0,52500.0,0.21,731.0,6.6,0,0
59900.0,17500.0,0.356,594.0,7.4,0,0
31500.0,14300.0,0.135,661.0,2.4,1,1
46900.0,5300.0,0.113,696.0,6.6,0,0
37000.0,4200.0,0.289,667.0,2.9,0,0
92600.0,24800.0,0.27,698.0,2.2,0,0
74000.0,21700.0,0.197,681.0,1.8,0,0
64600.0,18900.0,0.386,746.0,4.7,0,0
27500.0,8500.0,0.289,587.0,2.9,1,1
37000.0,15200.0,0.036,726.0,8.5,0,0
58800.0,12300.0,0.041,727.0,10.6,0,0
33300.0,9700.0,0.147,764.0,3.1,0,0
86200.0,22900.0,0.103,567.0,0.9,0,0
59800.0,35700.0,0.148,572.0,9.7,0,0
59000.0,10900.0,0.233,637.0,7.9,0,0
60600.0,7600.0,0.226,717.0,3.0,0,0
44500.0,8600.0,0.424,641.0,4.5,1,1
43000.0,19900.0,0.23,774.0,2.8,0,0
31900.0,5900.0,0.104,618.0,3.8,0,0
62500.0,24700.0,0.29,709.0,2.6,0,0
71500.0,31400.0,0.332,693.0,8.1,0,0
57100.0,13600.0,0.081,738.0,7.5,0,0
56200.0,28800.0,0.151,697.0,2.0,0,0
44600.0,25600.0,0.252,642.0,3.6,1,1
67700.0,15400.0,0.199,547.0,3.3,0,0
26300.0,7100.0,0.17,673.0,9.8,0,0
42100.0,15700.0,0.111,,5.7,0,0
49200.0,13100.0,0.146,649.0,8.0,0,0
51900.0,27900.0,0.292,674.0,9.0,1,1
66900.0,39800.0,0.238,729.0,4.2,0,0
58000.0,19500.0,0.171,623.0,0.6,1,1
65500.0,29100.0,0.276,689.0,6.3,0,0
95900.0,12200.0,0.166,725.0,1.6,0,0
100200.0,44500.0,0.237,646.0,11.0,0,0
77800.0,14900.0,0.056,714.0,5.3,0,0
96000.0,29400.0,0.189,688.0,19.5,1,1
113600.0,68100.0,0.42,,7.4,1,1
70600.0,14000.0,0.095,,2.3,0,0
38000.0,19300.0,0.054,542.0,5.5,0,0
88100.0,11700.0,0.285,672.0,10.3,0,0
43800.0,22800.0,0.254,747.0,6.3,0,0
119000.0,17400.0,0.089,737.0,7.3,0,0
113400.0,11900.0,0.185,689.0,5.2,0,0
51700.0,7600.0,0.178,735.0,2.3,0,0
42200.0,19400.0,0.154,758.0,0.3,0,0
48700.0,13500.0,0.249,634.0,2.5,0,0
60600.0,10800.0,0.072,747.0,7.4,0,0
97100.0,46100.0,0.381,673.0,4.5,0,0
40200.0,17300.0,0.175,720.0,7.2,0,0
84400.0,12300.0,0.267,643.0,12.3,0,0
30000.0,11700.0,0.152,708.0,3.0,0,0
94800.0,31700.0,0.401,580.0,0.7,1,1
60700.0,32800.0,0.196,622.0,17.1,1,1
66500.0,35700.0,0.329,694.0,6.3,1,1
59700.0,18700.0,0.072,810.0,3.8,0,0
86000.0,32400.0,0.083,693.0,7.9,0,0
70600.0,21200.0,0.134,751.0,0.7,0,0
111900.0,23100.0,0.267,707.0,2.1,0,0
33300.0,15200.0,0.266,,1.2,1,1
45200.0,19900.0,0.443,705.0,3.5,1,1
38700.0,5600.0,0.349,632.0,2.4,1,1
79700.0,40400.0,0.18,554.0,0.5,1,1
34300.0,19100.0,0.179,779.0,12.5,0,0
145200.0,44400.0,0.13,617.0,7.9,0,0
64000.0,16600.0,0.294,757.0,2.3,0,0
95100.0,19700.0,0.053,659.0,3.9,0,0
44200.0,21800.0,0.103,655.0,1.4,0,0
66400.0,13200.0,0.249,617.0,2.1,1,1
77100.0,40600.0,0.156,627.0,5.9,0,0
48400.0,13000.0,0.248,613.0,16.1,1,1
57200.0,11400.0,0.333,717.0,4.7,0,0
106900.0,64000.0,0.171,712.0,4.6,0,0
96600.0,51100.0,0.138,615.0,3.1,1,1
75900.0,20900.0,0.085,,7.0,0,0
123600.0,26500.0,0.309,676.0,2.8,0,0
31400.0,13800.0,0.224,673.0,7.2,0,0
68700.0,27700.0,0.13,609.0,3.2,0,0
54300.0,28000.0,0.22,710.0,9.5,1,1
102000.0,41400.0,0.089,726.0,0.9,0,0
91400.0,27800.0,0.058,726.0,5.8,0,0
93400.0,29200.0,0.092,585.0,3.3,0,0
50300.0,12700.0,0.242,727.0,6.3,0,0
75500.0,15900.0,0.135,773.0,5.1,0,0
90500.0,24800.0,0.185,675.0,7.3,0,0
97600.0,43300.0,0.069,742.0,5.9,0,0
44800.0,26800.0,0.082,599.0,4.4,0,0
48800.0,26200.0,0.074,660.0,14.6,0,0
67600.0,13700.0,0.079,692.0,12.9,0,0
101000.0,49900.0,0.181,766.0,10.5,0,0
77000.0,12600.0,0.351,675.0,1.4,1,1
100400.0,54400.0,0.235,624.0,9.3,0,0
31300.0,7300.0,0.329,599.0,3.2,1,1
56400.0,19300.0,0.294,648.0,12.4,0,0
73800.0,12900.0,0.054,707.0,3.3,0,0
68100.0,23900.0,0.347,735.0,2.0,1,1
32000.0,18500.0,0.26,,4.1,0,0
91100.0,48600.0,0.278,615.0,3.0,1,1
70000.0,20600.0,0.352,802.0,2.5,0,0
52700.0,7800.0,0.15,725.0,4.5,0,0
94300.0,38300.0,0.178,672.0,1.5,0,0
33800.0,15600.0,0.126,676.0,3.4,0,0
51800.0,28600.0,0.143,725.0,5.7,0,0
84500.0,40400.0,0.148,626.0,8.6,0,0
70700.0,38500.0,0.206,662.0,11.6,0,0
57300.0,26900.0,0.068,656.0,6.4,0,0
58800.0,16700.0,0.136,600.0,2.0,0,0
57100.0,33600.0,0.272,613.0,9.9,0,0
84000.0,20100.0,0.209,664.0,8.5,0,0
55700.0,18600.0,0.255,704.0,15.3,0,0
78600.0,32400.0,0.193,642.0,4.9,0,0
29900.0,12000.0,0.364,683.0,6.8,1,1
95300.0,42200.0,0.345,708.0,12.6,0,0
145700.0,56400.0,0.333,732.0,7.0,1,1
73800.0,12100.0,0.175,707.0,10.2,0,0
60200.0,30400.0,0.116,721.0,5.2,0,0
51400.0,23200.0,0.324,703.0,9.2,0,0
79200.0,13600.0,0.063,682.0,10.2,0,0
49400.0,21100.0,0.262,665.0,3.5,0,0
46600.0,10000.0,0.046,611.0,0.7,0,1
29400.0,10500.0,0.037,717.0,11.6,0,0
67500.0,22200.0,0.193,649.0,4.3,0,0
56000.0,10700.0,0.236,622.0,1.2,1,1
57100.0,17300.0,0.096,694.0,2.6,0,0
61900.0,15400.0,0.059,678.0,3.0,0,0
48400.0,22800.0,0.313,786.0,16.2,0,0
66200.0,8400.0,0.13,668.0,1.8,0,0
42500.0,11000.0,0.297,732.0,13.9,0,0
59500.0,6800.0,0.323,,0.9,0,0
56200.0,23500.0,0.446,,2.0,1,1
34100.0,19100.0,0.052,729.0,6.6,0,0
40600.0,14900.0,0.223,628.0,1.1,1,1
50400.0,28400.0,0.188,658.0,1.8,0,0
50900.0,20500.0,0.345,648.0,2.3,0,0
67900.0,34800.0,0.199,688.0,7.6,0,0
53800.0,18900.0,0.394,592.0,3.2,1,1
60900.0,32400.0,0.278,782.0,14.8,0,0
53700.0,8000.0,0.066,707.0,11.7,0,0
25000.0,8600.0,0.026,561.0,5.6,0,0
59400.0,14500.0,0.118,713.0,3.4,0,0
46200.0,10600.0,0.284,755.0,2.0,0,0
58600.0,22800.0,0.27,669.0,22.5,0,0
47400.0,7600.0,0.1,678.0,7.4,0,0
78000.0,43300.0,0.155,678.0,8.3,0,0
61000.0,16000.0,0.223,632.0,9.8,1,1
79400.0,10900.0,0.156,709.0,3.3,0,0
81500.0,17600.0,0.07,617.0,4.3,0,0
50800.0,14300.0,0.305,646.0,6.3,0,0
82500.0,24900.0,0.209,659.0,12.1,0,0
67200.0,7100.0,0.36,783.0,7.2,0,0
42800.0,8300.0,0.235,684.0,13.2,0,0
59500.0,21800.0,0.202,691.0,3.7,0,0
64100.0,15000.0,0.307,611.0,6.5,1,1
96700.0,26900.0,0.157,661.0,8.1,0,0
54900.0,24000.0,0.096,646.0,12.4,0,0
107400.0,50800.0,0.408,613.0,9.1,1,1
81200.0,30000.0,0.288,727.0,3.5,1,1
29600.0,9200.0,0.047,638.0,15.5,0,0
43200.0,13500.0,0.231,736.0,3.2,0,0
76100.0,18900.0,0.082,701.0,4.1,0,0
37300.0,22200.0,0.364,593.0,4.1,0,1
73200.0,12000.0,0.098,614.0,1.3,0,0
100600.0,50300.0,0.191,664.0,3.3,0,0
56400.0,14100.0,0.159,665.0,5.9,1,1
101500.0,53900.0,0.066,680.0,8.9,0,0
98500.0,55900.0,0.227,659.0,2.6,1,1
60800.0,25000.0,0.11,750.0,8.0,0,0
61300.0,31800.0,0.298,,4.6,0,0
66100.0,35100.0,0.206,658.0,3.8,1,1
72400.0,18900.0,0.234,765.0,2.8,0,0
35900.0,5200.0,0.233,790.0,1.4,1,1
58900.0,34200.0,0.183,729.0,7.7,0,0
34500.0,16200.0,0.112,706.0,6.6,0,0
54900.0,29500.0,0.115,749.0,2.9,0,0
57400.0,6000.0,0.075,701.0,3.9,0,0
32800.0,16000.0,0.243,622.0,6.1,0,0
39800.0,19400.0,0.273,726.0,2.6,0,0
53900.0,25400.0,0.293,713.0,13.0,0,0
132100.0,78900.0,0.083,668.0,1.6,0,0
38200.0,21500.0,0.159,661.0,3.2,0,0
64800.0,35300.0,0.13,605.0,3.9,0,0
45300.0,12800.0,0.057,736.0,4.9,0,0
54400.0,10200.0,0.289,570.0,8.1,1,1
87500.0,28300.0,0.463,624.0,6.5,1,1
69100.0,7400.0,0.21,561.0,7.2,0,0
72000.0,29200.0,0.202,710.0,9.7,0,0
73600.0,19500.0,0.087,772.0,3.1,0,0
75800.0,7800.0,0.018,692.0,15.2,0,0
29100.0,16600.0,0.23,717.0,1.6,0,0
71000.0,22100.0,0.133,613.0,2.6,0,0
60200.0,31900.0,0.196,790.0,4.4,0,0
71300.0,26700.0,0.227,680.0,7.4,0,0
83100.0,24200.0,0.267,738.0,5.3,0,0
71700.0,14900.0,0.177,807.0,8.1,0,0
78900.0,36200.0,0.157,610.0,17.5,0,0
41100.0,8200.0,0.268,609.0,1.2,1,1
72500.0,41200.0,0.231,802.0,2.5,0,0
59700.0,30900.0,0.185,671.0,3.7,0,0
60200.0,22500.0,0.311,690.0,16.2,0,0
97700.0,45400.0,0.139,,4.8,0,0
52300.0,11300.0,0.156,714.0,3.2,0,0
49100.0,17000.0,0.364,617.0,4.6,1,1
39100.0,18500.0,0.06,746.0,1.3,0,0
55900.0,13000.0,0.315,694.0,1.4,0,0
90200.0,26800.0,0.182,650.0,4.9,0,0
34600.0,19800.0,0.286,685.0,10.1,0,0
67700.0,21600.0,0.21,680.0,15.1,0,0
25600.0,4100.0,0.224,736.0,9.1,0,0
48700.0,13200.0,0.139,666.0,19.4,0,0
72300.0,15100.0,0.193,708.0,3.2,0,0
51300.0,5200.0,0.124,718.0,5.6,0,0
40700.0,23600.0,0.239,717.0,0.5,0,0
54500.0,16700.0,0.161,670.0,9.7,0,0
87600.0,28600.0,0.075,673.0,3.8,0,0
104500.0,12400.0,0.113,604.0,2.1,0,0
105300.0,29600.0,0.307,,4.8,0,0
78700.0,11500.0,0.073,651.0,6.4,0,0
70300.0,9200.0,0.198,708.0,3.9,0,0
87500.0,33200.0,0.435,665.0,0.9,1,1
41400.0,22800.0,0.143,592.0,9.3,0,0
44200.0,10000.0,0.252,625.0,3.4,0,0
97400.0,35600.0,0.082,585.0,4.0,1,1
83700.0,26100.0,0.137,673.0,1.5,0,0
84200.0,35000.0,0.294,,10.5,0,0
67000.0,37500.0,0.101,686.0,5.8,0,0
46500.0,8200.0,0.122,606.0,7.3,0,0
42500.0,17000.0,0.312,661.0,18.2,0,0
86100.0,46300.0,0.214,726.0,3.0,0,0
90600.0,35900.0,0.033,596.0,12.1,0,0
41900.0,11100.0,0.172,695.0,1.1,0,0
47900.0,6400.0,0.308,693.0,1.3,1,1
59800.0,22100.0,0.367,637.0,1.8,1,1
84200.0,30200.0,0.235,702.0,6.4,0,0
55000.0,16300.0,0.317,737.0,2.4,0,0
46000.0,12400.0,0.101,557.0,8.5,0,0
87600.0,12300.0,0.198,633.0,5.7,1,1
76400.0,21000.0,0.087,720.0,8.0,0,0
48600.0,18500.0,0.183,746.0,5.1,0,0
49200.0,28400.0,0.221,,3.4,0,0
91400.0,47500.0,0.183,702.0,6.8,0,0
39600.0,10600.0,0.151,667.0,1.6,0,0
56000.0,29400.0,0.175,709.0,2.0,0,0
72600.0,22800.0,0.142,689.0,3.4,0,0
65700.0,16700.0,0.407,695.0,8.6,0,0
85800.0,28900.0,0.177,707.0,3.5,0,0
34100.0,9200.0,0.254,701.0,3.6,0,0
62400.0,15700.0,0.335,758.0,8.5,1,1
68900.0,34900.0,0.049,679.0,2.0,0,0
69700.0,27000.0,0.199,663.0,1.4,0,0
75900.0,44500.0,0.323,705.0,6.3,1,1
41200.0,17700.0,0.105,790.0,9.9,0,0
102800.0,60200.0,0.187,662.0,2.5,0,0
72700.0,26500.0,0.269,729.0,10.5,0,0
75400.0,29000.0,0.378,705.0,5.2,1,1
50700.0,30200.0,0.171,713.0,5.8,0,0
66000.0,35300.0,0.231,608.0,5.7,0,0
98800.0,24600.0,0.205,663.0,3.2,0,0
61700.0,17900.0,0.176,724.0,3.0,0,0
66400.0,32100.0,0.171,691.0,3.9,0,0
69300.0,25400.0,0.33,,4.8,0,0
35000.0,4200.0,0.177,667.0,3.3,1,1
58400.0,34500.0,0.123,613.0,6.5,0,0
79000.0,28200.0,0.299,714.0,12.8,0,0
52300.0,11000.0,0.217,617.0,13.3,1,1
61100.0,27300.0,0.196,716.0,3.7,0,0
61300.0,31000.0,0.177,,6.1,0,0
35700.0,9700.0,0.403,636.0,1.6,1,1
82200.0,37400.0,0.213,688.0,6.7,0,0
38600.0,9000.0,0.244,625.0,2.0,0,0
71900.0,35900.0,0.301,767.0,5.2,0,0
59200.0,19800.0,0.169,615.0,13.5,0,0
55000.0,13800.0,0.144,698.0,6.0,0,0
63500.0,6800.0,0.041,662.0,2.4,0,0
80700.0,21800.0,0.139,668.0,9.9,0,0
82400.0,11400.0,0.163,604.0,12.2,0,0
53300.0,15500.0,0.06,668.0,1.9,0,0
58500.0,22600.0,0.263,657.0,2.8,1,1
45900.0,20700.0,0.047,715.0,25.3,0,0
37200.0,11000.0,0.049,736.0,10.9,0,0
86500.0,34600.0,0.185,681.0,4.1,0,0
42200.0,14600.0,0.09,595.0,6.7,0,0
47900.0,23100.0,0.133,611.0,5.9,1,1
70800.0,27900.0,0.134,610.0,4.4,1,1
38700.0,12300.0,0.286,701.0,22.8,0,0
73300.0,30700.0,0.177,702.0,8.1,0,0
46100.0,11300.0,0.318,639.0,1.1,1,1
41700.0,23100.0,0.219,688.0,19.9,0,0
50600.0,27900.0,0.162,,12.8,0,0
46000.0,10000.0,0.178,684.0,4.6,0,0
67300.0,30500.0,0.154,674.0,3.7,0,0
101800.0,16800.0,0.164,719.0,7.8,0,0
78500.0,32800.0,0.079,685.0,10.2,0,0
73000.0,43700.0,0.187,690.0,3.9,0,0
50000.0,21700.0,0.106,600.0,4.7,0,0
57000.0,20700.0,0.21,633.0,3.6,1,1
64000.0,17400.0,0.109,666.0,5.0,0,0
60400.0,36000.0,0.263,594.0,8.7,1,1
64800.0,18700.0,0.128,693.0,13.8,0,0
40400.0,11800.0,0.141,826.0,6.8,0,0
114000.0,39800.0,0.08,683.0,5.7,0,0
38400.0,18400.0,0.047,698.0,0.1,0,0
58100.0,8900.0,0.17,734.0,8.8,0,0
81600.0,19100.0,0.31,728.0,3.4,0,0
47100.0,18300.0,0.145,756.0,15.2,0,0
88200.0,17100.0,0.064,712.0,4.6,0,0
37300.0,13600.0,0.266,677.0,3.7,0,0
47000.0,19900.0,0.271,686.0,14.2,0,0
26800.0,5900.0,0.224,672.0,1.3,0,0
87500.0,20700.0,0.145,657.0,6.6,0,0
40100.0,17000.0,0.386,786.0,18.7,0,0
47800.0,15100.0,0.174,702.0,4.4,0,0
79500.0,22800.0,0.046,703.0,2.0,0,0
68600.0,38700.0,0.079,659.0,2.6,0,0
88200.0,36400.0,0.086,755.0,2.1,0,0
76200.0,16100.0,0.099,706.0,3.2,0,0
83000.0,17400.0,0.041,607.0,0.4,0,0
51300.0,20300.0,0.187,768.0,3.4,0,0
58900.0,22700.0,0.119,620.0,12.1,0,0
78600.0,14700.0,0.357,584.0,3.1,1,1
79000.0,12000.0,0.171,680.0,1.8,0,0
84500.0,20800.0,0.073,676.0,0.1,0,0
46400.0,25700.0,0.291,692.0,5.2,1,1
41300.0,20500.0,0.371,665.0,10.1,1,1
39100.0,21500.0,0.146,704.0,8.6,0,0
51400.0,22200.0,0.087,715.0,6.7,0,0
58500.0,29600.0,0.169,773.0,5.8,0,0
39900.0,23500.0,0.409,790.0,2.9,1,1
56900.0,28200.0,0.21,587.0,12.7,0,0
75600.0,17300.0,0.248,616.0,9.5,0,0
85700.0,11100.0,0.093,773.0,7.7,0,0
49400.0,24500.0,0.056,,14.5,0,0
74000.0,42500.0,0.169,763.0,8.9,0,0
38800.0,10100.0,0.239,688.0,5.8,0,0
48100.0,20200.0,0.246,678.0,5.0,0,0
62900.0,13200.0,0.241,669.0,1.0,0,0
48400.0,20200.0,0.049,697.0,2.4,0,0
46200.0,6300.0,0.365,698.0,1.2,1,1
66600.0,11000.0,0.16,648.0,0.2,0,0
42900.0,22100.0,0.483,719.0,0.2,0,0
63000.0,25700.0,0.173,626.0,22.6,1,1
58400.0,26800.0,0.208,620.0,6.6,0,0
72400.0,20600.0,0.353,662.0,5.3,0,0
78900.0,42100.0,0.172,701.0,1.3,0,0
63500.0,15800.0,0.06,796.0,2.7,0,0
50900.0,8600.0,0.179,760.0,2.5,0,0
86200.0,15700.0,0.184,662.0,8.7,1,1
64900.0,11000.0,0.165,660.0,0.7,0,0
44500.0,20000.0,0.169,661.0,5.3,0,0
64400.0,38400.0,0.225,621.0,3.1,1,1
48900.0,17800.0,0.297,607.0,1.2,0,0
25000.0,5800.0,0.139,677.0,13.7,0,0
43300.0,4800.0,0.307,718.0,5.7,0,0
53000.0,26100.0,0.34,756.0,12.1,1,1
51600.0,9800.0,0.162,631.0,2.0,0,0
35400.0,15900.0,0.249,627.0,5.0,1,1
53600.0,12700.0,0.091,625.0,3.9,0,0
70300.0,34300.0,0.214,703.0,5.4,0,0
40600.0,16800.0,0.156,721.0,4.6,0,0
66300.0,21200.0,0.239,585.0,6.1,0,0
29800.0,6900.0,0.334,746.0,6.7,1,1
72300.0,28500.0,0.131,708.0,3.9,0,0
49700.0,22200.0,0.364,656.0,11.3,1,1
37900.0,4500.0,0.142,742.0,17.0,0,0
89200.0,22600.0,0.458,687.0,4.3,0,0
71200.0,34100.0,0.206,781.0,5.3,0,0
84400.0,19700.0,0.103,722.0,3.4,0,0
67500.0,31300.0,0.246,669.0,2.8,1,1
68300.0,20700.0,0.14,715.0,1.9,0,0
52900.0,23400.0,0.222,713.0,7.9,0,0
70100.0,39400.0,0.088,670.0,3.6,0,0
58700.0,10800.0,0.327,621.0,9.4,1,1
48400.0,27200.0,0.305,687.0,4.7,1,1
56600.0,30800.0,0.281,703.0,5.5,1,1
38700.0,13700.0,0.176,630.0,2.7,0,0
59900.0,7300.0,0.322,754.0,16.4,0,0
70500.0,35500.0,0.088,602.0,3.8,1,1
63100.0,24900.0,0.121,668.0,4.4,0,0
73700.0,18900.0,0.22,683.0,9.1,0,0
54200.0,6600.0,0.184,661.0,4.5,0,0
61200.0,18000.0,0.192,710.0,6.1,0,0
61100.0,8400.0,0.085,695.0,4.2,0,0
118400.0,38400.0,0.118,680.0,9.1,0,0
38400.0,5100.0,0.163,597.0,2.5,0,0
122100.0,52700.0,0.243,638.0,17.3,0,0
46900.0,19300.0,0.149,712.0,12.0,0,0
53800.0,11600.0,0.107,777.0,11.9,0,0
66600.0,27600.0,0.125,553.0,4.0,0,0
74000.0,13900.0,0.173,665.0,2.8,0,0
59900.0,9800.0,0.174,686.0,2.6,0,0
65300.0,18300.0,0.1,686.0,3.1,0,0
98200.0,18700.0,0.236,678.0,6.6,0,0
149400.0,49700.0,0.208,721.0,8.3,0,0
69800.0,26800.0,0.141,633.0,11.3,0,0
77100.0,25600.0,0.237,670.0,6.0,0,0
58500.0,21600.0,0.093,652.0,0.9,1,1
107800.0,56500.0,0.11,635.0,5.5,0,0
58200.0,34600.0,0.304,703.0,18.8,1,1
72300.0,9900.0,0.166,721.0,2.5,0,0
42200.0,17100.0,0.345,652.0,2.2,0,0
24100.0,2700.0,0.124,688.0,3.0,0,0
133200.0,48000.0,0.231,684.0,1.7,0,0
87800.0,26400.0,0.24,,13.3,0,0
83300.0,8700.0,0.21,679.0,6.8,0,0
43900.0,24900.0,0.215,775.0,4.4,0,0
34500.0,10200.0,0.123,656.0,4.6,0,0
55800.0,19800.0,0.155,648.0,6.8,0,0
63200.0,30500.0,0.344,743.0,11.9,1,1
77900.0,30800.0,0.159,753.0,2.4,0,0
60900.0,32300.0,0.161,720.0,3.0,0,0
94500.0,12500.0,0.142,680.0,3.9,0,0
68400.0,7800.0,0.451,691.0,5.1,0,0
67500.0,13000.0,0.157,712.0,8.8,0,0
90800.0,37600.0,0.266,715.0,5.1,0,0
48200.0,19800.0,0.043,668.0,9.8,0,0
69300.0,13300.0,0.232,714.0,12.3,0,0
50100.0,6400.0,0.111,718.0,1.6,0,0
48000.0,17700.0,0.111,723.0,2.6,0,0
102500.0,56500.0,0.218,553.0,4.1,1,1
88600.0,17100.0,0.176,701.0,10.2,0,0
73100.0,23000.0,0.121,640.0,7.0,0,0
95500.0,49500.0,0.226,661.0,16.8,0,0
69200.0,35100.0,0.067,609.0,13.4,0,0
97000.0,39600.0,0.211,593.0,2.6,0,0
45300.0,21400.0,0.351,687.0,13.7,0,0
57800.0,18300.0,0.401,795.0,7.4,0,0
69400.0,32900.0,0.162,702.0,19.1,0,0
42900.0,7100.0,0.238,742.0,1.2,0,0
48200.0,7600.0,0.208,639.0,2.4,0,0
39600.0,15000.0,0.217,731.0,5.3,0,0
76900.0,38800.0,0.214,652.0,1.8,1,1
51800.0,28700.0,0.127,715.0,6.9,0,0
66800.0,22000.0,0.236,691.0,7.8,0,0
72900.0,27100.0,0.343,654.0,9.3,0,0
57600.0,34300.0,0.299,723.0,2.7,1,1
61400.0,33800.0,0.373,687.0,4.3,1,1
63800.0,22300.0,0.25,611.0,3.5,0,0
70500.0,18000.0,0.075,723.0,5.4,0,0
96800.0,22500.0,0.176,678.0,7.7,0,0
41600.0,11300.0,0.069,664.0,3.7,0,0
62800.0,8000.0,0.115,680.0,19.7,0,0
40200.0,6900.0,0.12,527.0,8.1,1,1
100400.0,35400.0,0.313,683.0,2.1,0,0
32400.0,10300.0,0.156,,0.3,0,0
64500.0,16000.0,0.066,700.0,1.7,0,0
52700.0,18000.0,0.103,651.0,12.5,0,0
49900.0,12800.0,0.31,732.0,10.2,1,1
77900.0,45700.0,0.198,641.0,3.0,1,1
73100.0,11300.0,0.237,772.0,4.6,0,0
43800.0,10500.0,0.315,716.0,3.3,0,0
71400.0,37300.0,0.124,605.0,3.8,1,1
67200.0,20600.0,0.123,700.0,10.7,0,0
47100.0,10500.0,0.168,768.0,11.1,0,0
36800.0,18900.0,0.211,713.0,1.7,0,0
79900.0,43600.0,0.139,592.0,1.2,0,0
77300.0,12300.0,0.319,670.0,17.9,0,0
72700.0,41100.0,0.211,713.0,5.9,0,0
50700.0,14700.0,0.17,733.0,19.0,0,0
92300.0,47100.0,0.157,654.0,7.6,0,0
199100.0,103100.0,0.351,703.0,7.7,0,0
64200.0,16200.0,0.174,708.0,2.5,0,0
72900.0,25300.0,0.126,732.0,9.5,0,0
45800.0,12500.0,0.161,747.0,1.9,0,0
45900.0,15800.0,0.228,691.0,9.0,0,0
111200.0,25600.0,0.127,727.0,1.3,0,0
132900.0,32900.0,0.444,628.0,1.3,1,1
55600.0,7300.0,0.02,649.0,3.9,0,0
48300.0,7700.0,0.063,,13.7,0,0
44000.0,22100.0,0.071,614.0,3.4,0,0
49000.0,15800.0,0.233,611.0,6.6,0,0
61600.0,14500.0,0.312,,5.4,1,1
39300.0,5500.0,0.328,718.0,2.2,1,1
47300.0,17700.0,0.105,656.0,3.8,0,0
83900.0,37300.0,0.208,768.0,6.0,0,0
57000.0,13700.0,0.061,724.0,0.3,0,0
46000.0,13000.0,0.257,606.0,4.3,0,0
40100.0,16000.0,0.445,660.0,3.8,1,1
87300.0,36800.0,0.161,675.0,8.5,0,0
41900.0,7200.0,0.348,603.0,2.1,0,0
57300.0,18900.0,0.169,691.0,8.0,0,0
85200.0,30900.0,0.241,657.0,9.7,0,0
72600.0,22000.0,0.159,636.0,12.2,0,0
66600.0,30800.0,0.024,704.0,3.8,0,0
66800.0,27400.0,0.231,636.0,4.5,0,0
43300.0,15900.0,0.26,704.0,1.4,0,0
46900.0,17900.0,0.033,729.0,5.4,0,0
51200.0,28300.0,0.328,661.0,1.2,1,1
22200.0,5000.0,0.16,608.0,2.8,0,0
52100.0,26800.0,0.186,699.0,2.8,0,0
58200.0,19100.0,0.313,793.0,4.8,0,0
58500.0,15500.0,0.331,578.0,8.4,1,1
57700.0,27200.0,0.299,668.0,5.1,0,0
64700.0,34000.0,0.219,663.0,9.6,1,1
66200.0,26400.0,0.165,672.0,1.1,0,0
106400.0,60000.0,0.32,722.0,0.9,0,0
63600.0,14300.0,0.183,669.0,5.7,0,0
81100.0,10800.0,0.275,725.0,2.6,0,0
49000.0,19100.0,0.129,700.0,7.5,0,0
67600.0,22300.0,0.151,716.0,13.2,0,0
66800.0,9000.0,0.167,577.0,6.5,1,1
55800.0,29000.0,0.082,725.0,26.0,0,0
33300.0,17900.0,0.163,708.0,4.4,0,0
37800.0,13000.0,0.146,662.0,11.4,0,0
70700.0,18400.0,0.088,712.0,8.0,0,0
59400.0,8000.0,0.153,734.0,0.5,0,0
55500.0,29500.0,0.062,654.0,2.6,0,0
47800.0,27500.0,0.18,717.0,16.1,0,0
62400.0,27500.0,0.115,549.0,8.4,1,1
73900.0,22200.0,0.253,735.0,4.8,0,0
115800.0,22300.0,0.382,670.0,3.0,0,0
60300.0,18000.0,0.123,626.0,2.0,0,0
57100.0,9900.0,0.313,601.0,12.0,1,1
66800.0,37900.0,0.043,636.0,3.5,0,0
91200.0,12200.0,0.073,569.0,4.5,0,0
135900.0,15700.0,0.153,752.0,6.1,0,0
74000.0,8200.0,0.072,695.0,17.4,0,0
36900.0,14100.0,0.158,592.0,2.1,0,0
61400.0,21000.0,0.242,605.0,7.2,1,1
41000.0,11500.0,0.311,712.0,3.9,1,1
43600.0,11200.0,0.196,783.0,3.1,0,0
114700.0,23800.0,0.118,716.0,4.6,0,0
54000.0,18900.0,0.256,671.0,2.4,1,1
47600.0,6000.0,0.151,767.0,2.6,0,0
98600.0,55500.0,0.145,675.0,11.6,0,0
62800.0,34300.0,0.218,658.0,3.2,0,0
41200.0,11600.0,0.191,640.0,1.1,0,0
62500.0,29700.0,0.257,696.0,3.5,0,0
37600.0,9500.0,0.257,640.0,4.0,0,0
45400.0,8500.0,0.236,734.0,4.9,0,0
65400.0,9500.0,0.191,722.0,9.8,0,0
25200.0,9100.0,0.182,711.0,3.1,0,0
78700.0,10700.0,0.339,749.0,3.4,0,0
67100.0,34600.0,0.056,645.0,3.4,0,0
82300.0,40500.0,0.307,624.0,1.4,0,0
53600.0,30900.0,0.105,610.0,8.9,0,0
71200.0,40700.0,0.12,619.0,11.2,0,0
43500.0,13300.0,0.358,655.0,2.0,1,1
44500.0,22400.0,0.163,782.0,3.4,0,0
63800.0,26800.0,0.166,829.0,6.2,0,0
62100.0,12500.0,0.185,557.0,5.2,1,1
61300.0,22100.0,0.279,,5.0,0,0
98700.0,22800.0,0.086,674.0,4.6,0,0
55900.0,9500.0,0.456,630.0,7.9,1,1
72000.0,34500.0,0.332,663.0,2.7,1,1
69400.0,28800.0,0.097,673.0,2.9,0,0
65100.0,17800.0,0.122,623.0,3.4,0,0
71100.0,28800.0,0.235,689.0,6.0,0,0
33600.0,7000.0,0.17,641.0,14.1,1,1
50700.0,18600.0,0.366,609.0,2.9,1,1
90600.0,24800.0,0.425,663.0,3.3,1,1
55600.0,8100.0,0.112,690.0,1.1,0,0
78600.0,41200.0,0.162,673.0,5.0,0,0
72600.0,41400.0,0.218,619.0,1.4,0,0
21300.0,6100.0,0.28,781.0,10.9,0,0
39000.0,9400.0,0.291,687.0,2.8,0,0
48800.0,7000.0,0.108,705.0,1.6,0,0
48500.0,16700.0,0.144,701.0,3.2,0,0
52600.0,25000.0,0.153,653.0,4.9,0,0
53000.0,12300.0,0.233,664.0,5.1,0,0
46300.0,27100.0,0.145,617.0,2.2,0,0
48800.0,20200.0,0.057,666.0,5.8,0,0
31100.0,17600.0,0.127,753.0,6.2,0,0
121200.0,67900.0,0.376,575.0,2.6,1,1
100000.0,43000.0,0.088,691.0,5.4,0,0
83500.0,17900.0,0.101,714.0,20.7,0,0
59700.0,25200.0,0.18,626.0,4.2,0,0
44700.0,12000.0,0.064,721.0,10.5,0,0
144200.0,50900.0,0.228,671.0,8.0,0,0
44200.0,13100.0,0.328,650.0,4.2,0,0
101400.0,10900.0,0.167,653.0,8.8,0,0
68500.0,20400.0,0.403,672.0,6.9,0,0
44700.0,6000.0,0.155,635.0,1.2,0,0
46200.0,26100.0,0.245,667.0,6.7,1,1
53000.0,12500.0,0.16,661.0,1.8,0,0
49400.0,5600.0,0.288,703.0,5.2,0,0
37400.0,11600.0,0.054,659.0,7.9,0,0
71200.0,32900.0,0.177,658.0,3.7,1,1
44500.0,25700.0,0.397,604.0,2.8,0,0
80200.0,24300.0,0.053,729.0,11.7,0,0
57700.0,16300.0,0.2,734.0,3.6,0,0
64500.0,9100.0,0.197,781.0,6.7,0,0
63900.0,38100.0,0.175,697.0,13.8,0,0
53600.0,6500.0,0.374,689.0,9.1,1,1
59300.0,7000.0,0.103,658.0,3.7,0,0
65200.0,7000.0,0.28,671.0,5.1,0,0
137700.0,60900.0,0.191,705.0,9.5,0,0
39100.0,9100.0,0.149,617.0,7.7,0,0
48000.0,25200.0,0.353,744.0,5.2,0,0
53600.0,25500.0,0.268,553.0,6.2,1,1
39500.0,19700.0,0.236,737.0,4.7,1,1
38400.0,7000.0,0.104,652.0,4.9,0,0
35500.0,15700.0,0.122,741.0,10.8,0,0
59800.0,34900.0,0.152,682.0,6.7,0,0
50500.0,26200.0,0.249,678.0,2.3,1,1
64600.0,13000.0,0.198,718.0,3.8,0,0
36900.0,4800.0,0.16,678.0,3.9,0,0
44500.0,15600.0,0.425,730.0,1.9,0,0
83700.0,17400.0,0.364,752.0,2.1,1,1
79100.0,8600.0,0.448,735.0,5.0,0,0
35200.0,6500.0,0.044,629.0,9.6,0,0
81100.0,23400.0,0.366,666.0,5.9,0,0
50100.0,21700.0,0.225,600.0,7.2,0,0
41200.0,7500.0,0.259,726.0,7.1,0,0
78200.0,16300.0,0.279,635.0,3.9,0,0
83000.0,16000.0,0.273,720.0,9.3,0,0
25300.0,12600.0,0.082,632.0,1.6,0,0
81900.0,16700.0,0.338,611.0,3.5,1,1
50800.0,8000.0,0.23,601.0,2.5,0,0
50300.0,26300.0,0.094,591.0,2.6,0,0
52900.0,23900.0,0.327,817.0,1.5,0,0
87600.0,14800.0,0.102,713.0,0.6,0,0
93400.0,23100.0,0.174,659.0,4.1,0,0
67500.0,38600.0,0.202,,17.4,0,0
78700.0,15800.0,0.255,741.0,5.8,1,1
125900.0,63400.0,0.211,696.0,5.8,0,0
59300.0,20600.0,0.052,,8.3,0,0
41900.0,20500.0,0.255,673.0,6.1,1,1
71700.0,18500.0,0.226,614.0,2.9,0,0
76300.0,22800.0,0.056,667.0,11.2,1,0
56500.0,9200.0,0.215,687.0,15.0,0,0
55800.0,24800.0,0.268,684.0,3.9,0,0
126400.0,73300.0,0.237,586.0,11.5,1,1
54600.0,15300.0,0.145,666.0,9.1,0,0
43700.0,12700.0,0.124,777.0,2.5,0,0
23400.0,11000.0,0.358,623.0,8.0,1,1
79600.0,34600.0,0.241,658.0,7.7,0,0
93300.0,45200.0,0.132,850.0,8.5,0,0
39800.0,7100.0,0.118,739.0,7.1,0,0
73400.0,37800.0,0.091,651.0,3.4,0,0
53200.0,29600.0,0.281,675.0,5.5,1,1
61300.0,26900.0,0.083,704.0,3.7,0,0
48800.0,5800.0,0.1,589.0,2.3,0,1
59800.0,23000.0,0.104,595.0,2.6,0,0
81200.0,27100.0,0.329,768.0,6.3,0,0
50300.0,28700.0,0.269,651.0,2.4,0,0
47400.0,17800.0,0.36,642.0,3.5,1,1
42200.0,14100.0,0.121,637.0,10.6,0,0
89100.0,30000.0,0.12,624.0,3.9,0,0
44900.0,10600.0,0.125,740.0,15.4,0,0
74700.0,43500.0,0.242,722.0,5.1,0,0
38900.0,16700.0,0.188,620.0,12.6,0,0
28600.0,13000.0,0.212,638.0,5.1,1,1
49400.0,20400.0,0.087,618.0,1.9,0,0
65300.0,12100.0,0.029,641.0,0.8,0,0
87800.0,39000.0,0.234,673.0,3.8,0,0
79400.0,16100.0,0.319,689.0,7.9,1,1
67300.0,11400.0,0.304,780.0,10.9,0,0
25200.0,8100.0,0.243,800.0,2.1,0,0
71200.0,25300.0,0.061,619.0,3.9,0,0
35900.0,13300.0,0.341,682.0,6.9,0,0
47200.0,26800.0,0.1,626.0,4.6,0,0
112400.0,30900.0,0.387,,6.2,1,1
85500.0,39500.0,0.241,699.0,12.8,0,0
41300.0,10600.0,0.139,752.0,5.9,0,0
53400.0,26300.0,0.145,730.0,1.8,1,1
79400.0,33300.0,0.182,658.0,10.7,0,0
57300.0,18300.0,0.256,612.0,2.3,0,0
56000.0,17100.0,0.145,612.0,3.9,0,0
40800.0,13300.0,0.166,718.0,9.8,0,0
72800.0,27800.0,0.13,661.0,14.2,0,0
76300.0,39300.0,0.418,596.0,14.2,1,1
45700.0,9700.0,0.134,719.0,2.9,0,0
29800.0,7600.0,0.27,659.0,8.4,1,1
113600.0,52900.0,0.141,595.0,13.9,0,0
47300.0,14000.0,0.304,771.0,5.0,1,1
70000.0,29400.0,0.069,677.0,9.1,0,0
44900.0,26600.0,0.241,727.0,7.1,0,0
46700.0,16800.0,0.244,725.0,6.8,0,0
84500.0,44600.0,0.293,789.0,8.3,0,0
54200.0,6000.0,0.319,687.0,3.1,0,0
79300.0,33800.0,0.075,684.0,8.1,0,0
79900.0,34000.0,0.037,569.0,8.3,0,0
50600.0,18600.0,0.174,558.0,8.5,0,0
67200.0,9500.0,0.283,,4.4,0,0
79400.0,17800.0,0.27,704.0,9.2,0,0
93500.0,37200.0,0.216,675.0,13.9,0,1
55300.0,6500.0,0.178,687.0,6.0,0,0
60900.0,21700.0,0.245,704.0,5.9,0,0
43700.0,16500.0,0.232,614.0,4.7,0,0
79800.0,47400.0,0.47,701.0,6.0,1,1
62900.0,36900.0,0.241,749.0,1.0,0,0
38200.0,14900.0,0.188,671.0,10.0,0,0
53800.0,29900.0,0.177,766.0,3.3,0,0
58400.0,23800.0,0.131,694.0,1.1,0,0
49500.0,19000.0,0.241,707.0,0.2,0,0
47300.0,13900.0,0.184,685.0,7.6,0,0
34400.0,16800.0,0.103,555.0,9.8,1,1
63000.0,11400.0,0.149,707.0,3.0,0,0
52500.0,10100.0,0.289,638.0,3.4,0,0
83800.0,35700.0,0.316,728.0,0.2,0,0
58800.0,27800.0,0.084,699.0,9.3,0,0
81600.0,11600.0,0.109,679.0,5.7,0,0
40200.0,24000.0,0.133,665.0,8.1,0,0
69500.0,34500.0,0.177,675.0,6.6,0,0
78600.0,16400.0,0.12,768.0,0.7,0,0
79000.0,38100.0,0.257,696.0,1.8,0,0
55400.0,9900.0,0.337,700.0,4.3,0,0
44800.0,22000.0,0.191,698.0,10.0,1,1
109300.0,27000.0,0.287,681.0,11.5,0,0
57100.0,11400.0,0.334,620.0,1.9,0,0
40300.0,11600.0,0.29,626.0,8.0,0,0
56800.0,22200.0,0.417,791.0,7.2,0,0
68700.0,27000.0,0.291,633.0,9.4,0,0
47800.0,13200.0,0.141,628.0,7.1,0,0
70700.0,33300.0,0.13,707.0,3.9,1,1
83800.0,28400.0,0.124,631.0,3.7,0,0
60400.0,19300.0,0.256,694.0,3.3,1,1
87300.0,38400.0,0.35,718.0,2.8,0,0
59000.0,26900.0,0.218,739.0,3.9,0,0
52200.0,30700.0,0.175,700.0,6.3,0,0
106700.0,14100.0,0.1,772.0,9.5,0,0
76600.0,44500.0,0.265,664.0,17.6,0,0
63900.0,13300.0,0.039,708.0,11.4,0,0
32900.0,5300.0,0.2,,7.8,0,0
38000.0,16500.0,0.268,640.0,0.9,1,1
34400.0,7600.0,0.158,763.0,0.3,0,0
60600.0,25800.0,0.158,790.0,6.2,0,0
60900.0,19800.0,0.104,589.0,8.3,0,0
71000.0,41600.0,0.235,760.0,2.0,0,0
88200.0,42800.0,0.189,662.0,12.5,0,0
36100.0,11800.0,0.237,667.0,4.7,0,0
38500.0,16800.0,0.168,723.0,8.7,0,0
44700.0,5500.0,0.25,724.0,3.7,0,0
72100.0,26100.0,0.417,675.0,9.8,1,1
68000.0,34600.0,0.12,531.0,3.3,1,1
42800.0,15100.0,0.205,,9.0,0,0
48100.0,14900.0,0.436,652.0,1.0,1,1
70200.0,16000.0,0.194,650.0,7.2,0,0
62900.0,20800.0,0.211,696.0,1.6,0,0
87600.0,42900.0,0.19,762.0,6.2,0,0
46300.0,21100.0,0.106,758.0,3.6,0,0
58600.0,9800.0,0.173,647.0,11.0,0,0
43500.0,11500.0,0.13,687.0,4.7,0,0
91700.0,27300.0,0.08,634.0,12.4,0,0
87800.0,26700.0,0.137,680.0,3.1,1,1
72800.0,42300.0,0.039,677.0,12.5,0,0
86300.0,43600.0,0.115,751.0,13.1,0,0
99400.0,22900.0,0.142,729.0,7.3,0,0
102200.0,43000.0,0.326,679.0,2.0,0,0
111300.0,24400.0,0.127,653.0,1.0,0,0
48000.0,15400.0,0.036,622.0,1.5,0,0
46700.0,18500.0,0.183,566.0,5.8,0,0
96600.0,29500.0,0.331,655.0,4.6,0,0
53300.0,18500.0,0.391,711.0,2.9,0,0
33400.0,12000.0,0.297,621.0,5.9,1,1
52800.0,8700.0,0.053,657.0,1.8,0,0
88300.0,20500.0,0.113,757.0,13.9,0,0
52600.0,20300.0,0.052,652.0,7.2,0,0
80800.0,32300.0,0.095,681.0,5.3,0,0
68900.0,39100.0,0.366,663.0,6.6,1,1
38700.0,4500.0,0.158,690.0,2.0,0,0
72500.0,40700.0,0.067,780.0,8.0,0,0
62200.0,10600.0,0.153,651.0,9.2,0,0
51200.0,23900.0,0.097,738.0,6.0,0,0
37600.0,11900.0,0.163,558.0,6.4,0,0
108300.0,64600.0,0.186,665.0,13.2,0,0
45100.0,9100.0,0.229,666.0,5.9,0,0
30400.0,3800.0,0.259,698.0,16.9,0,0
82900.0,31600.0,0.233,687.0,5.4,0,0
53000.0,25200.0,0.107,,3.8,0,0
93700.0,47800.0,0.401,716.0,5.1,0,0
59700.0,33100.0,0.096,700.0,4.8,0,0
61600.0,27800.0,0.214,661.0,4.4,0,0
76000.0,45400.0,0.347,709.0,3.9,0,0
64500.0,7700.0,0.221,723.0,8.0,0,0
64400.0,17900.0,0.151,702.0,7.1,0,0
90400.0,13900.0,0.073,695.0,5.4,0,0
45200.0,20700.0,0.267,709.0,3.5,1,1
75200.0,25400.0,0.129,682.0,14.1,0,0
68500.0,25200.0,0.207,672.0,5.3,0,0
35400.0,8600.0,0.119,628.0,7.1,0,0
91300.0,49300.0,0.203,606.0,10.1,0,0
81100.0,27300.0,0.235,626.0,4.7,0,0
106100.0,11000.0,0.109,762.0,19.1,0,0
53200.0,10000.0,0.105,659.0,6.8,0,0
42200.0,16900.0,0.429,634.0,2.6,1,1
181200.0,76100.0,0.142,696.0,10.4,0,0
43400.0,21100.0,0.331,,3.5,0,0
47000.0,9600.0,0.158,670.0,7.5,0,0
75300.0,11800.0,0.245,688.0,3.2,1,1
53300.0,17100.0,0.134,657.0,6.1,0,0
71600.0,10000.0,0.126,636.0,1.6,0,0
39000.0,16500.0,0.317,734.0,7.5,0,0
34200.0,17800.0,0.185,682.0,5.1,1,1
51200.0,16000.0,0.07,662.0,4.3,0,0
78500.0,9900.0,0.291,727.0,2.6,0,0
61300.0,34700.0,0.16,713.0,8.8,0,0
94200.0,53800.0,0.226,801.0,14.7,0,0
56600.0,15400.0,0.024,643.0,3.8,0,0
66200.0,31300.0,0.061,613.0,5.5,0,0
45100.0,9000.0,0.301,692.0,3.5,0,0
37200.0,18300.0,0.186,626.0,6.8,0,0
40600.0,6000.0,0.207,787.0,12.0,0,0
47000.0,21400.0,0.172,711.0,9.7,0,0
123200.0,29100.0,0.193,720.0,1.4,0,0
39500.0,13900.0,0.283,708.0,4.9,0,0
45600.0,19000.0,0.117,666.0,5.1,0,0
100100.0,52200.0,0.107,685.0,8.1,0,0
49100.0,16300.0,0.267,649.0,1.1,1,1
76200.0,26800.0,0.09,737.0,8.2,0,0
28000.0,5400.0,0.168,637.0,1.8,0,0
44100.0,12400.0,0.179,563.0,1.2,0,0
74100.0,25800.0,0.27,705.0,2.8,1,1
34200.0,10700.0,0.093,714.0,3.4,0,0
66000.0,25000.0,0.181,537.0,9.9,1,1
62700.0,37200.0,0.059,668.0,2.0,0,0
50900.0,7700.0,0.078,576.0,6.6,0,0
56300.0,19000.0,0.26,677.0,3.7,0,0
79300.0,8100.0,0.201,640.0,4.9,0,0
60800.0,9700.0,0.116,707.0,6.0,0,0
87400.0,20300.0,0.259,705.0,7.8,0,0
81400.0,46600.0,0.098,738.0,13.0,0,0
106000.0,56000.0,0.269,665.0,5.0,0,0
53400.0,5400.0,0.247,688.0,6.3,0,0
65700.0,30300.0,0.305,636.0,14.8,0,0
42800.0,6500.0,0.339,691.0,4.6,1,1
76900.0,28100.0,0.072,665.0,11.9,0,0
48300.0,13900.0,0.337,707.0,5.9,0,1
76800.0,39100.0,0.1,704.0,5.8,0,0
56200.0,19700.0,0.153,661.0,3.7,0,0
58300.0,27600.0,0.034,642.0,3.6,0,0
67100.0,30900.0,0.279,732.0,4.5,0,0
47700.0,26400.0,0.135,655.0,4.0,0,0
49000.0,21500.0,0.111,657.0,2.2,0,0
49800.0,21200.0,0.277,621.0,11.4,0,0
51200.0,14500.0,0.276,622.0,9.4,0,0
76900.0,27800.0,0.109,700.0,3.1,0,0
54000.0,8900.0,0.069,681.0,17.1,0,0
50600.0,25000.0,0.277,650.0,6.9,0,0
82300.0,9900.0,0.111,680.0,5.4,0,0
78600.0,12700.0,0.071,727.0,5.0,0,0
58400.0,18200.0,0.367,693.0,0.9,1,1
146000.0,46400.0,0.135,735.0,2.5,0,0
42800.0,25200.0,0.104,,5.0,0,0
108200.0,45900.0,0.218,624.0,1.9,1,1
67500.0,21600.0,0.061,662.0,0.7,0,0
87600.0,50500.0,0.214,685.0,3.3,1,1
55500.0,32200.0,0.268,783.0,0.5,0,0
92700.0,35600.0,0.206,701.0,6.6,0,0
43700.0,10600.0,0.175,705.0,3.7,0,0
81500.0,25100.0,0.244,600.0,16.4,0,0
67500.0,37900.0,0.066,623.0,11.4,0,0
84500.0,36300.0,0.265,670.0,4.5,0,0
52100.0,12500.0,0.236,578.0,1.8,1,1
71500.0,24900.0,0.065,747.0,5.7,0,0
46900.0,21100.0,0.143,743.0,8.4,0,0
54400.0,16800.0,0.224,628.0,11.2,0,0
56600.0,22500.0,0.168,659.0,9.1,0,0
49900.0,29900.0,0.197,695.0,6.2,0,0
52000.0,8700.0,0.122,669.0,8.1,1,1
40200.0,17700.0,0.137,638.0,12.9,0,0
59000.0,31600.0,0.365,658.0,9.1,0,0
102400.0,37700.0,0.112,700.0,5.6,0,0
166500.0,57700.0,0.155,708.0,5.1,0,0
46000.0,12000.0,0.151,655.0,6.2,0,0
47400.0,17200.0,0.112,590.0,5.6,0,0
69400.0,33100.0,0.347,683.0,3.4,0,0
73500.0,35500.0,0.18,717.0,2.7,0,0
39300.0,16400.0,0.288,811.0,14.2,0,0
27600.0,11400.0,0.045,720.0,1.1,0,0
67600.0,34000.0,0.243,702.0,11.7,0,0
98500.0,14200.0,0.158,667.0,1.9,0,0
101500.0,38200.0,0.297,640.0,6.4,1,1
61600.0,36400.0,0.023,624.0,5.5,0,0
100500.0,27000.0,0.214,609.0,18.5,0,0
58200.0,28500.0,0.374,707.0,22.4,0,0
37900.0,12100.0,0.206,,1.6,0,0
59000.0,14500.0,0.317,666.0,7.9,1,1
88700.0,26000.0,0.397,667.0,4.7,1,1
64700.0,33000.0,0.186,699.0,24.7,0,0
50700.0,20800.0,0.171,640.0,6.2,1,1
63000.0,29900.0,0.154,640.0,4.3,1,1
69500.0,19300.0,0.164,703.0,7.4,0,0
64900.0,16300.0,0.261,735.0,1.0,0,0
68700.0,13300.0,0.157,,4.3,0,0
70600.0,41500.0,0.29,719.0,15.6,0,0
89800.0,25600.0,0.34,708.0,14.6,0,0
64800.0,32300.0,0.3,635.0,11.6,0,0
58600.0,17300.0,0.407,588.0,1.1,1,1
70100.0,26200.0,0.331,776.0,1.0,0,0
76000.0,40400.0,0.222,654.0,6.8,1,1
33600.0,6900.0,0.151,649.0,9.5,1,1
92400.0,34400.0,0.229,715.0,3.4,1,1
112000.0,24900.0,0.068,804.0,0.7,0,0
62400.0,36900.0,0.163,694.0,9.5,0,0
76700.0,43000.0,0.166,755.0,1.7,0,0
47800.0,15800.0,0.27,632.0,6.0,0,0
78300.0,18600.0,0.25,788.0,13.3,0,0
46000.0,18700.0,0.186,576.0,4.9,1,1
65900.0,35100.0,0.245,678.0,4.4,0,0
75700.0,32000.0,0.329,666.0,13.2,0,0
47000.0,24400.0,0.086,654.0,4.1,0,0
42000.0,21800.0,0.259,692.0,9.2,1,1
54900.0,9700.0,0.05,805.0,4.8,0,0
50800.0,17300.0,0.275,676.0,4.2,0,0
55300.0,12400.0,0.304,692.0,6.5,0,0
42100.0,5400.0,0.238,628.0,1.4,0,0
90400.0,13400.0,0.159,710.0,19.7,0,0
56300.0,32800.0,0.058,686.0,7.7,0,0
72200.0,37900.0,0.186,659.0,4.4,0,0
35000.0,19300.0,0.167,573.0,1.7,1,1
50400.0,9200.0,0.23,705.0,6.9,0,0
108100.0,25300.0,0.154,711.0,9.0,0,0
45500.0,10700.0,0.177,595.0,6.5,0,0
68300.0,21600.0,0.248,665.0,10.7,0,0
128500.0,66300.0,0.266,562.0,3.5,1,1
61800.0,23200.0,0.071,753.0,5.1,0,0
104700.0,41400.0,0.321,719.0,2.9,0,0
45200.0,23700.0,0.233,643.0,1.1,0,0
52300.0,15200.0,0.105,593.0,7.2,0,0
60600.0,32500.0,0.12,726.0,12.4,0,0
51200.0,30500.0,0.303,688.0,10.5,0,0
69700.0,24100.0,0.14,743.0,7.5,0,0
33200.0,14200.0,0.277,683.0,9.5,1,1
42700.0,21200.0,0.341,,0.6,1,1
97700.0,19700.0,0.269,680.0,0.7,0,0
64500.0,18300.0,0.202,676.0,2.3,0,0
73300.0,9100.0,0.249,635.0,5.7,0,0
111300.0,64000.0,0.324,641.0,9.0,0,0
33500.0,11100.0,0.209,685.0,3.6,0,0
21700.0,7400.0,0.342,711.0,10.0,0,0
114800.0,15700.0,0.193,695.0,9.1,1,1
38200.0,20700.0,0.241,702.0,4.2,0,0
63500.0,17900.0,0.152,595.0,5.4,0,0
34900.0,7300.0,0.358,624.0,16.5,0,0
25200.0,7800.0,0.067,678.0,2.3,0,0
60000.0,18900.0,0.27,657.0,5.9,0,0
72500.0,29600.0,0.183,651.0,4.1,0,0
46100.0,16100.0,0.28,749.0,17.2,0,0
25300.0,6100.0,0.421,671.0,4.5,1,1
68500.0,11300.0,0.057,730.0,6.8,0,0
119500.0,20100.0,0.181,692.0,2.9,0,0
33500.0,13300.0,0.244,679.0,5.5,1,1
80300.0,37100.0,0.108,758.0,8.3,0,0
67700.0,10500.0,0.194,723.0,4.2,0,0
32100.0,12200.0,0.23,692.0,11.3,0,0
87500.0,42600.0,0.323,679.0,7.9,0,0
65500.0,8000.0,0.179,780.0,4.3,0,0
58500.0,29100.0,0.044,617.0,14.4,0,0
96100.0,19300.0,0.516,706.0,5.5,1,1
62200.0,31000.0,0.109,692.0,3.2,0,0
96200.0,38800.0,0.121,665.0,0.5,0,0
153800.0,63900.0,0.162,779.0,6.1,0,0
66400.0,10400.0,0.125,698.0,2.0,0,0
71900.0,38500.0,0.26,681.0,6.3,0,0
50500.0,15100.0,0.149,680.0,5.4,0,0
105600.0,30900.0,0.382,700.0,3.7,0,0
40200.0,21300.0,0.132,,8.4,0,0
51700.0,12200.0,0.249,651.0,2.1,0,0
60600.0,32000.0,0.317,709.0,2.3,1,1
58200.0,12100.0,0.206,719.0,6.5,0,0
48300.0,27200.0,0.229,647.0,5.2,0,0
84300.0,21300.0,0.318,651.0,4.0,0,0
55600.0,29500.0,0.135,682.0,28.3,0,0
29200.0,3400.0,0.081,650.0,8.8,0,0
93100.0,32800.0,0.309,728.0,6.6,0,0
113600.0,54700.0,0.369,601.0,8.0,1,1
51000.0,12700.0,0.036,617.0,9.1,0,0
99700.0,13400.0,0.17,762.0,13.2,0,0
51400.0,14900.0,0.091,697.0,10.3,0,0
43800.0,16300.0,0.262,647.0,5.1,0,0
44900.0,5600.0,0.353,637.0,10.6,1,1
110000.0,20800.0,0.065,710.0,4.4,0,0
100100.0,39300.0,0.151,706.0,1.0,0,0
79100.0,31000.0,0.132,772.0,1.8,0,0
43500.0,19900.0,0.305,667.0,5.8,1,1
82000.0,20600.0,0.14,649.0,3.9,0,0
42400.0,15800.0,0.19,655.0,5.6,0,0
77200.0,35200.0,0.246,672.0,14.1,0,0
51200.0,21300.0,0.03,618.0,5.7,0,0
50800.0,23900.0,0.324,759.0,2.4,1,1
51600.0,7000.0,0.341,695.0,2.1,1,1
30000.0,12700.0,0.158,583.0,6.8,0,0
33500.0,6500.0,0.225,754.0,8.9,0,0
58800.0,17500.0,0.353,659.0,5.5,0,0
42600.0,14100.0,0.209,633.0,6.0,1,1
82700.0,13400.0,0.156,659.0,1.4,0,0
93500.0,16200.0,0.312,645.0,2.5,1,1
35900.0,5300.0,0.3,,4.0,0,0
36600.0,8400.0,0.379,671.0,12.0,1,1
58400.0,26800.0,0.249,653.0,6.4,0,0
122400.0,31200.0,0.271,840.0,3.6,0,0
47000.0,17500.0,0.1,685.0,5.1,0,0
73700.0,40300.0,0.07,703.0,3.3,0,0
34700.0,6800.0,0.112,636.0,5.0,0,0
45000.0,11500.0,0.299,690.0,7.7,0,0
73100.0,28700.0,0.227,718.0,6.0,0,0
56700.0,6100.0,0.029,622.0,12.9,0,0
73400.0,30500.0,0.134,691.0,3.8,0,0
64400.0,10800.0,0.294,659.0,10.4,0,0
61300.0,35200.0,0.208,574.0,22.0,1,1
60800.0,34700.0,0.104,711.0,1.6,0,0
99500.0,28300.0,0.064,625.0,4.6,0,0
60100.0,19100.0,0.153,638.0,0.3,0,0
83100.0,35900.0,0.213,790.0,4.1,0,0
56000.0,21000.0,0.177,755.0,4.8,0,0
63400.0,36800.0,0.232,690.0,4.3,1,1
42200.0,22900.0,0.222,681.0,2.7,1,1
29500.0,15500.0,0.379,651.0,5.8,1,1
52900.0,17900.0,0.144,618.0,5.9,0,0
63400.0,23300.0,0.176,658.0,2.2,0,0
51800.0,9600.0,0.265,744.0,10.4,0,0
74000.0,38600.0,0.201,674.0,1.4,0,0
46300.0,14300.0,0.288,633.0,3.7,0,0
37600.0,17200.0,0.035,746.0,2.4,0,0
36500.0,8900.0,0.412,,1.7,0,1
76800.0,40800.0,0.17,699.0,3.1,0,0
45700.0,17000.0,0.094,,6.5,0,0
61200.0,21900.0,0.335,707.0,7.2,0,0
37200.0,12900.0,0.074,622.0,13.6,0,0
44900.0,4900.0,0.15,679.0,6.5,0,0
60300.0,25300.0,0.097,678.0,4.7,0,0
88500.0,24800.0,0.278,635.0,7.8,0,0
41700.0,16600.0,0.074,610.0,6.8,0,0
36400.0,17600.0,0.09,764.0,4.9,0,0
60200.0,17400.0,0.24,557.0,3.3,0,0
63800.0,10100.0,0.161,651.0,9.5,0,0
51900.0,19600.0,0.244,647.0,3.6,1,1
92500.0,30000.0,0.301,703.0,0.5,0,0
33100.0,7200.0,0.336,727.0,8.4,0,0
45200.0,20200.0,0.329,671.0,9.6,1,1
60300.0,32400.0,0.176,647.0,2.1,0,0
44400.0,21000.0,0.101,593.0,1.8,1,1
67800.0,33600.0,0.037,638.0,1.0,0,0
60400.0,22300.0,0.027,725.0,5.5,0,0
55200.0,28700.0,0.228,683.0,7.5,0,0
140200.0,80700.0,0.19,724.0,4.3,0,0
42600.0,14900.0,0.254,654.0,8.1,1,1
55000.0,24200.0,0.149,702.0,2.5,0,0
71500.0,11900.0,0.285,754.0,6.1,0,0
46300.0,19900.0,0.281,626.0,1.0,1,1
63200.0,29100.0,0.145,783.0,4.6,0,0
81300.0,40200.0,0.169,728.0,5.4,0,0
65000.0,39000.0,0.285,686.0,6.1,0,0
78200.0,43200.0,0.139,,9.5,0,0
52900.0,8700.0,0.26,680.0,11.7,0,0
55000.0,19700.0,0.207,742.0,4.5,0,0
118200.0,47100.0,0.292,768.0,3.3,0,0
71200.0,9200.0,0.286,684.0,5.9,0,0
84600.0,45900.0,0.169,653.0,1.7,0,0
48000.0,28500.0,0.139,686.0,5.6,0,0
55900.0,13600.0,0.298,594.0,4.2,0,0
90700.0,16400.0,0.064,750.0,4.1,0,0
62300.0,35800.0,0.328,725.0,4.9,1,1
39100.0,12100.0,0.456,613.0,4.2,1,1
44100.0,10900.0,0.159,578.0,6.2,0,0
59000.0,9200.0,0.1,718.0,3.0,0,0
104600.0,57800.0,0.128,661.0,7.3,0,0
72800.0,11000.0,0.202,721.0,2.6,0,0
46300.0,20000.0,0.204,580.0,10.7,1,1
60100.0,11600.0,0.22,671.0,3.1,1,1
61800.0,15200.0,0.18,690.0,3.3,0,0
33700.0,15700.0,0.083,661.0,6.6,0,0
59800.0,29800.0,0.14,711.0,4.1,1,1
53500.0,12300.0,0.286,,10.3,0,0
57400.0,13000.0,0.111,,4.0,0,0
44200.0,11000.0,0.157,563.0,3.1,0,0
69000.0,25200.0,0.158,626.0,2.4,0,0
52400.0,20200.0,0.188,705.0,1.8,0,0
46200.0,21400.0,0.37,660.0,5.4,1,1
115800.0,17600.0,0.345,636.0,3.3,1,1
53100.0,22000.0,0.028,735.0,7.7,0,0
37500.0,7500.0,0.08,771.0,3.3,0,0
92800.0,20600.0,0.311,720.0,8.2,0,0
99300.0,11300.0,0.178,670.0,11.1,0,1
43200.0,5100.0,0.252,744.0,1.7,0,0
52000.0,16000.0,0.082,693.0,6.8,0,0
56900.0,17300.0,0.159,615.0,1.6,0,0
52600.0,10700.0,0.32,670.0,4.1,1,1
37300.0,22000.0,0.261,726.0,9.6,0,0
41400.0,22900.0,0.299,692.0,6.5,1,1
127800.0,54700.0,0.168,649.0,6.2,0,0
48800.0,9500.0,0.251,730.0,15.6,0,0
50200.0,14200.0,0.206,,3.1,0,0
79200.0,31000.0,0.045,739.0,6.0,0,0
51000.0,5900.0,0.332,711.0,5.1,1,1
47700.0,11600.0,0.524,677.0,6.7,1,1
41800.0,9100.0,0.175,747.0,2.3,0,0
72700.0,8900.0,0.094,750.0,4.4,0,0
64800.0,21100.0,0.069,666.0,8.3,0,0
89300.0,48200.0,0.124,621.0,8.8,0,0
51900.0,15200.0,0.292,670.0,0.3,1,1
95100.0,47000.0,0.203,683.0,14.0,0,0
63600.0,28400.0,0.196,658.0,9.2,1,1
50100.0,19200.0,0.432,722.0,6.2,0,0
70800.0,22200.0,0.278,659.0,12.0,1,1
68100.0,17500.0,0.313,654.0,4.7,0,0
66400.0,33000.0,0.113,646.0,4.4,1,1
46300.0,11300.0,0.109,685.0,4.9,0,0
58300.0,6700.0,0.158,673.0,5.4,0,0
56300.0,23200.0,0.125,598.0,5.8,0,0
78000.0,46500.0,0.053,759.0,2.6,0,0
94600.0,43800.0,0.105,,1.8,1,1
80800.0,26200.0,0.212,685.0,7.4,0,0
78400.0,41600.0,0.16,689.0,5.5,0,0
88900.0,47300.0,0.183,726.0,2.7,0,0
93000.0,32900.0,0.261,630.0,7.6,0,0
52700.0,14900.0,0.161,679.0,0.7,0,0
40200.0,7900.0,0.239,798.0,1.4,0,0
63900.0,29700.0,0.259,657.0,6.3,0,0
102500.0,18600.0,0.155,599.0,9.0,0,0
39000.0,9000.0,0.05,737.0,6.6,0,0
43200.0,17700.0,0.226,679.0,4.4,1,1
61800.0,25300.0,0.313,723.0,5.3,1,1
49800.0,29700.0,0.249,725.0,12.3,0,0
85600.0,12800.0,0.339,667.0,8.7,0,0
62100.0,25800.0,0.17,,10.7,0,0
81200.0,33900.0,0.254,787.0,0.8,0,0
67200.0,23300.0,0.13,738.0,7.9,0,0
69700.0,27600.0,0.258,660.0,1.9,1,1
40100.0,17300.0,0.209,711.0,4.5,0,0
48300.0,27900.0,0.141,736.0,3.2,0,0
30400.0,9200.0,0.161,710.0,6.4,0,0
46200.0,12000.0,0.024,722.0,7.6,0,0
49900.0,11300.0,0.037,735.0,1.0,0,0
68200.0,9300.0,0.203,707.0,2.2,0,0
40400.0,19900.0,0.162,693.0,5.7,0,0
112700.0,29700.0,0.122,728.0,11.1,0,0
92700.0,34200.0,0.228,697.0,10.8,0,0
42400.0,18300.0,0.128,656.0,1.5,1,1
31800.0,8400.0,0.407,695.0,2.3,1,1
34600.0,13300.0,0.27,687.0,5.9,1,1
67400.0,22700.0,0.161,637.0,4.5,0,0
39300.0,8200.0,0.116,717.0,3.1,0,0
54700.0,12300.0,0.21,676.0,5.1,0,0
73700.0,38200.0,0.084,642.0,5.8,0,0
69500.0,26000.0,0.283,612.0,3.3,0,0
78300.0,23700.0,0.147,,10.4,0,0
38600.0,5800.0,0.153,605.0,2.1,1,1
76300.0,11700.0,0.271,666.0,3.0,0,0
77200.0,21500.0,0.161,682.0,17.0,0,0
84500.0,35500.0,0.205,682.0,2.7,0,0
80900.0,13000.0,0.111,649.0,1.1,0,0
38800.0,17100.0,0.245,551.0,1.6,0,1
25800.0,3100.0,0.255,621.0,5.0,0,0
68900.0,27200.0,0.335,612.0,4.4,0,0
106100.0,29500.0,0.299,738.0,7.2,0,0
46300.0,5500.0,0.347,756.0,5.0,0,0
46200.0,24400.0,0.129,772.0,8.9,0,0
64500.0,17000.0,0.175,647.0,9.7,0,0
88600.0,51200.0,0.294,596.0,8.2,1,1
78500.0,8700.0,0.167,,0.8,0,0
40200.0,19600.0,0.306,639.0,5.7,1,1
52200.0,31000.0,0.333,693.0,8.0,0,0
49900.0,16600.0,0.022,811.0,1.6,0,0
74300.0,28900.0,0.27,642.0,13.6,1,1
79200.0,32300.0,0.292,745.0,1.2,0,0
44600.0,9200.0,0.283,648.0,3.4,0,0
45800.0,21700.0,0.146,738.0,4.8,0,0
67200.0,34200.0,0.414,677.0,1.9,1,1
56300.0,30900.0,0.322,,6.1,0,0
46500.0,20700.0,0.161,720.0,5.0,0,0
51900.0,8900.0,0.03,,1.4,0,0
75100.0,11500.0,0.331,,2.4,1,1
53800.0,15600.0,0.091,770.0,3.1,0,0
58300.0,25000.0,0.213,633.0,3.6,0,0
46400.0,10000.0,0.071,731.0,11.2,0,0
74900.0,32900.0,0.07,567.0,1.8,0,0
50800.0,18800.0,0.226,622.0,6.1,0,0
66700.0,26000.0,0.114,606.0,3.7,0,0
64600.0,26200.0,0.151,591.0,7.2,0,0
53100.0,28000.0,0.161,692.0,5.9,0,0
45500.0,27300.0,0.255,667.0,3.6,0,0
59300.0,8400.0,0.256,609.0,15.4,0,0
54700.0,29500.0,0.281,699.0,6.2,0,0
86800.0,51200.0,0.425,592.0,7.2,1,1
45300.0,10400.0,0.269,750.0,3.1,0,0
79400.0,10900.0,0.101,,5.3,0,0
93000.0,18800.0,0.345,671.0,9.1,0,0
76700.0,22000.0,0.139,717.0,9.1,0,0
79100.0,32700.0,0.161,661.0,1.3,0,0
55900.0,20400.0,0.301,610.0,2.2,1,1
71600.0,14500.0,0.068,623.0,9.4,0,0
71800.0,10000.0,0.036,660.0,4.4,0,0
34900.0,3900.0,0.158,718.0,13.4,0,0
54700.0,24800.0,0.052,678.0,9.8,0,0
40200.0,14100.0,0.063,,2.1,0,0
32000.0,7700.0,0.163,573.0,4.1,0,0
60900.0,21500.0,0.081,626.0,7.3,0,0
71600.0,14100.0,0.227,737.0,3.0,0,0
48700.0,21300.0,0.216,792.0,5.3,0,0
73700.0,20800.0,0.234,725.0,3.7,0,0
75200.0,27900.0,0.197,708.0,3.1,0,0
63700.0,16600.0,0.11,691.0,3.3,0,0
51800.0,24700.0,0.418,627.0,7.7,1,1
78100.0,43400.0,0.069,698.0,7.6,0,0
114400.0,35100.0,0.186,680.0,2.4,0,0
30100.0,14000.0,0.138,655.0,5.1,0,0
79700.0,21200.0,0.172,730.0,2.1,0,0
41300.0,8500.0,0.35,607.0,2.7,0,0
83100.0,13100.0,0.127,779.0,15.8,0,0
87600.0,38100.0,0.088,,3.4,0,0
